-- phpMyAdmin SQL Dump
-- version 4.6.6deb5
-- https://www.phpmyadmin.net/
--
-- Host: localhost:3306
-- Generation Time: Feb 08, 2019 at 10:07 AM
-- Server version: 5.7.22-0ubuntu18.04.1
-- PHP Version: 7.2.5-0ubuntu0.18.04.1

SET SQL_MODE = "NO_AUTO_VALUE_ON_ZERO";
SET time_zone = "+00:00";


/*!40101 SET @OLD_CHARACTER_SET_CLIENT=@@CHARACTER_SET_CLIENT */;
/*!40101 SET @OLD_CHARACTER_SET_RESULTS=@@CHARACTER_SET_RESULTS */;
/*!40101 SET @OLD_COLLATION_CONNECTION=@@COLLATION_CONNECTION */;
/*!40101 SET NAMES utf8mb4 */;

--
-- Database: `laraveleapi`
--

-- --------------------------------------------------------

--
-- Table structure for table `migrations`
--

CREATE TABLE `migrations` (
  `id` int(10) UNSIGNED NOT NULL,
  `migration` varchar(255) COLLATE utf8mb4_unicode_ci NOT NULL,
  `batch` int(11) NOT NULL
) ENGINE=InnoDB DEFAULT CHARSET=utf8mb4 COLLATE=utf8mb4_unicode_ci;

--
-- Dumping data for table `migrations`
--

INSERT INTO `migrations` (`id`, `migration`, `batch`) VALUES
(1, '2014_10_12_000000_create_users_table', 1),
(2, '2014_10_12_100000_create_password_resets_table', 1),
(3, '2019_02_08_081004_create_products_table', 2),
(4, '2019_02_08_081059_create_reviews_table', 2);

-- --------------------------------------------------------

--
-- Table structure for table `password_resets`
--

CREATE TABLE `password_resets` (
  `email` varchar(255) COLLATE utf8mb4_unicode_ci NOT NULL,
  `token` varchar(255) COLLATE utf8mb4_unicode_ci NOT NULL,
  `created_at` timestamp NULL DEFAULT NULL
) ENGINE=InnoDB DEFAULT CHARSET=utf8mb4 COLLATE=utf8mb4_unicode_ci;

-- --------------------------------------------------------

--
-- Table structure for table `products`
--

CREATE TABLE `products` (
  `id` int(10) UNSIGNED NOT NULL,
  `name` varchar(255) COLLATE utf8mb4_unicode_ci NOT NULL,
  `detail` text COLLATE utf8mb4_unicode_ci NOT NULL,
  `price` int(11) NOT NULL,
  `stock` int(11) NOT NULL,
  `discount` int(11) NOT NULL,
  `created_at` timestamp NULL DEFAULT NULL,
  `updated_at` timestamp NULL DEFAULT NULL
) ENGINE=InnoDB DEFAULT CHARSET=utf8mb4 COLLATE=utf8mb4_unicode_ci;

--
-- Dumping data for table `products`
--

INSERT INTO `products` (`id`, `name`, `detail`, `price`, `stock`, `discount`, `created_at`, `updated_at`) VALUES
(1, 'et', 'Accusamus cupiditate sunt natus. Perferendis similique amet reiciendis eum doloribus. A atque accusamus molestiae sequi. Fuga numquam dolorum nihil optio molestias voluptatem. Praesentium alias placeat vitae ut consequatur.', 471, 7, 19, '2019-02-08 08:02:46', '2019-02-08 08:02:46'),
(2, 'sunt', 'At qui est porro quis. Odio ut dignissimos nulla distinctio alias sequi sint. Quia rerum ad repellendus. Qui voluptatum dolores enim qui natus necessitatibus.', 117, 0, 18, '2019-02-08 08:02:46', '2019-02-08 08:02:46'),
(3, 'provident', 'Et in quia impedit alias perferendis sint voluptatem. Numquam labore est id qui quidem magni voluptas omnis. Animi ratione enim accusamus occaecati modi debitis. Cupiditate ea consequatur suscipit.', 117, 5, 9, '2019-02-08 08:02:46', '2019-02-08 08:02:46'),
(4, 'voluptas', 'Culpa et culpa dolore odit et. Esse quaerat aut suscipit delectus illum quos. Nemo excepturi a et non nemo.', 710, 9, 9, '2019-02-08 08:02:46', '2019-02-08 08:02:46'),
(5, 'tempora', 'Qui et ut quibusdam id. Est possimus qui aut itaque in non. Ut repellendus non consequatur.', 950, 3, 5, '2019-02-08 08:02:46', '2019-02-08 08:02:46'),
(6, 'maiores', 'Aliquam mollitia vel eius beatae impedit iste atque. Aut quasi repellendus et. Ipsam animi labore qui quam.', 377, 2, 28, '2019-02-08 08:02:46', '2019-02-08 08:02:46'),
(7, 'iste', 'Ut tempore amet veritatis id et. Perferendis qui itaque quis nemo. Rem consequuntur voluptatem id incidunt aut voluptatem molestiae.', 936, 8, 22, '2019-02-08 08:02:46', '2019-02-08 08:02:46'),
(8, 'eos', 'Nisi magni enim optio aut aut sint. Molestiae est dolorem dolor consequatur id praesentium. Nihil eum magnam enim earum aut. Odio illo non eum necessitatibus repellat. Et architecto nam et beatae rem quam.', 477, 0, 30, '2019-02-08 08:02:46', '2019-02-08 08:02:46'),
(9, 'iusto', 'Porro est ab odio est. Iusto vel ea qui est. Laudantium tempore facere mollitia culpa. Expedita magni expedita quasi aut vitae corrupti modi vel.', 389, 8, 14, '2019-02-08 08:02:46', '2019-02-08 08:02:46'),
(10, 'in', 'Molestiae quia alias aut aliquam dignissimos. Nihil laudantium vero sed voluptas aspernatur et. Sint et dolor ipsam nulla culpa totam. Magni accusamus quos molestias a repellat iure.', 950, 8, 7, '2019-02-08 08:02:46', '2019-02-08 08:02:46'),
(11, 'inventore', 'Nisi minima quae dolore. Et et nam error. Nulla hic consequatur consequatur sed.', 127, 0, 5, '2019-02-08 08:02:46', '2019-02-08 08:02:46'),
(12, 'quia', 'Ipsam qui perspiciatis nostrum fugit animi. Sed ut corrupti aut et in enim. Exercitationem alias iure repellendus vitae cupiditate.', 160, 4, 29, '2019-02-08 08:02:46', '2019-02-08 08:02:46'),
(13, 'consequuntur', 'Eligendi eligendi a vel corporis fugiat consectetur accusamus. Quos est dolor id dolore at veritatis. Quo ea ut qui voluptatem fugiat illum consequatur. Vel reiciendis iure et dolorem occaecati quibusdam.', 779, 8, 20, '2019-02-08 08:02:46', '2019-02-08 08:02:46'),
(14, 'veritatis', 'Dolores fugiat quam quia asperiores fugit atque facere. Possimus enim dolorem nesciunt et tempora dolores. Quia architecto ducimus quo et dolorem.', 448, 7, 4, '2019-02-08 08:02:46', '2019-02-08 08:02:46'),
(15, 'vitae', 'Mollitia animi excepturi voluptatibus. Dicta et laboriosam nobis magni ut quaerat. Maiores iste et architecto alias. Est error rerum nemo vel.', 235, 3, 4, '2019-02-08 08:02:46', '2019-02-08 08:02:46'),
(16, 'voluptas', 'Sit et totam in voluptatum est omnis molestias. Architecto odit et fugit exercitationem ut nisi. Repellendus enim sit voluptas natus rerum minima eum dolores. Vitae qui et doloribus ut pariatur numquam voluptatem ab.', 550, 8, 6, '2019-02-08 08:02:46', '2019-02-08 08:02:46'),
(17, 'nisi', 'Officia sapiente sed quia non et quia. Dolorem non corporis ut vel. Inventore voluptatum ut asperiores dicta quam soluta et. Nihil atque ut saepe corporis esse mollitia qui.', 359, 1, 20, '2019-02-08 08:02:46', '2019-02-08 08:02:46'),
(18, 'ea', 'Reiciendis ut in vitae voluptas necessitatibus repellat sit. Qui debitis ut omnis aut at. Esse qui praesentium dolorem quia repellat eos unde et.', 820, 0, 0, '2019-02-08 08:02:46', '2019-02-08 08:02:46'),
(19, 'voluptatem', 'Reprehenderit aut quam ab itaque temporibus odio. Odit aliquid minus unde architecto adipisci. Molestiae consectetur nobis vel rerum esse.', 791, 5, 20, '2019-02-08 08:02:47', '2019-02-08 08:02:47'),
(20, 'quo', 'Quo unde autem minima repudiandae nostrum. Ex atque sit facilis eum incidunt sapiente fuga. Qui quam laudantium dolores.', 837, 3, 11, '2019-02-08 08:02:47', '2019-02-08 08:02:47'),
(21, 'alias', 'Et distinctio qui repellendus voluptatem et. Et et quod nostrum a repellendus voluptatem facilis. In delectus dolores ullam omnis ab esse.', 320, 7, 3, '2019-02-08 08:02:47', '2019-02-08 08:02:47'),
(22, 'vitae', 'Nulla minus autem sequi dolores. Ut laboriosam optio doloribus inventore impedit qui quasi. Voluptatibus molestiae minus beatae aut voluptatem vel.', 129, 4, 15, '2019-02-08 08:02:47', '2019-02-08 08:02:47'),
(23, 'nostrum', 'Dolorem aperiam est ad facere. Occaecati omnis quia molestias iusto dolor. Aliquam facere sint dolorem qui est.', 718, 6, 20, '2019-02-08 08:02:47', '2019-02-08 08:02:47'),
(24, 'sit', 'Laborum cupiditate accusamus ab maiores voluptatum distinctio. Reiciendis eaque nam rerum vitae laborum enim dolor. Perspiciatis alias nihil ab excepturi ea quia.', 720, 0, 26, '2019-02-08 08:02:47', '2019-02-08 08:02:47'),
(25, 'dicta', 'Optio non id rerum hic doloremque et. Architecto sequi dolorum sunt velit tenetur dignissimos. Ullam dolorem neque officia non quis ut quos magni. Vitae vitae qui quo sunt aut dolorem voluptate autem.', 210, 3, 15, '2019-02-08 08:02:47', '2019-02-08 08:02:47'),
(26, 'totam', 'Est adipisci possimus sunt ut harum rerum nemo. Tenetur omnis sunt quis quibusdam. Dicta officia autem earum consequuntur molestiae mollitia assumenda.', 342, 6, 9, '2019-02-08 08:02:47', '2019-02-08 08:02:47'),
(27, 'officia', 'Non a maxime et. Earum officia quis quos deserunt iusto sequi. Quia qui illum quos similique expedita. Dicta qui nihil non ullam explicabo.', 974, 9, 3, '2019-02-08 08:02:47', '2019-02-08 08:02:47'),
(28, 'architecto', 'Numquam quas ratione consequatur ex consequuntur qui voluptate eos. Ut ea eveniet repellendus eveniet.', 484, 1, 10, '2019-02-08 08:02:47', '2019-02-08 08:02:47'),
(29, 'fuga', 'Aliquid omnis possimus assumenda numquam at reiciendis. Ex ut ab saepe ex placeat et. Inventore earum distinctio sint cupiditate odio ducimus ea.', 577, 9, 30, '2019-02-08 08:02:47', '2019-02-08 08:02:47'),
(30, 'fuga', 'Voluptas iusto error et iusto numquam reprehenderit est. Aliquam alias quia officiis eos dolore. Atque et expedita iure quis natus. Praesentium ipsa animi sint possimus.', 435, 7, 9, '2019-02-08 08:02:47', '2019-02-08 08:02:47'),
(31, 'temporibus', 'Aut est dolorem in sed aut. Totam fuga esse eveniet. Dolorum delectus provident tenetur et minus et doloribus voluptatum.', 545, 1, 21, '2019-02-08 08:02:47', '2019-02-08 08:02:47'),
(32, 'est', 'Recusandae animi aliquam sit blanditiis aperiam sed vitae. Perferendis fuga est labore earum laudantium aut ad. Ipsam dolor in ab. Impedit dolores id non id repellendus nostrum est.', 483, 1, 5, '2019-02-08 08:02:47', '2019-02-08 08:02:47'),
(33, 'et', 'At veniam dolor est aut animi voluptas. Atque quos et illo et itaque dicta.', 195, 3, 2, '2019-02-08 08:02:47', '2019-02-08 08:02:47'),
(34, 'alias', 'Quia consequatur sint magni enim eligendi dolorem reprehenderit quas. Tempora eum rem ut sunt recusandae consequatur esse quisquam. Aut ea harum omnis ut quis et.', 588, 1, 29, '2019-02-08 08:02:47', '2019-02-08 08:02:47'),
(35, 'ipsam', 'Saepe quod animi et. Aspernatur nulla consequuntur qui voluptas. Aut consectetur vel dolorum.', 683, 2, 30, '2019-02-08 08:02:47', '2019-02-08 08:02:47'),
(36, 'illo', 'Nostrum numquam aut consectetur ducimus dolores quas hic. In eum aut eum dolores iure et. Ut voluptatem non omnis nostrum ea.', 631, 0, 10, '2019-02-08 08:02:47', '2019-02-08 08:02:47'),
(37, 'accusantium', 'Tenetur error consequatur dolor ducimus illo nobis. Rerum aut ipsa ab. Et dolorem aut rem. Omnis non temporibus voluptas facere fuga mollitia est.', 320, 3, 8, '2019-02-08 08:02:47', '2019-02-08 08:02:47'),
(38, 'voluptates', 'Doloribus aut molestiae est impedit pariatur. Ipsam assumenda sit et et excepturi quisquam.', 981, 3, 14, '2019-02-08 08:02:47', '2019-02-08 08:02:47'),
(39, 'et', 'Odio laborum quaerat eum quia aut repudiandae. Natus deleniti enim dolores vel rerum quia vel.', 906, 6, 12, '2019-02-08 08:02:47', '2019-02-08 08:02:47'),
(40, 'aut', 'Totam quaerat omnis reprehenderit omnis repellat pariatur. Ab magnam unde non facere sed aut. Non velit id quaerat rerum in qui porro accusantium. Sint et soluta ut a soluta.', 804, 1, 25, '2019-02-08 08:02:48', '2019-02-08 08:02:48'),
(41, 'voluptate', 'Laboriosam eos autem a aut ea velit. Consequuntur nostrum et adipisci. Autem vitae consequatur nisi est voluptatum consequatur quibusdam consectetur. Error autem similique voluptatem inventore aut.', 478, 4, 2, '2019-02-08 08:02:48', '2019-02-08 08:02:48'),
(42, 'quam', 'Qui sit vitae quod porro porro quisquam cupiditate. Qui ut neque totam quasi sed exercitationem corporis. Suscipit voluptatibus et eos et.', 276, 2, 11, '2019-02-08 08:02:48', '2019-02-08 08:02:48'),
(43, 'error', 'Rerum consequatur sunt inventore aut magni. Dolores facilis vitae voluptas similique. Consectetur doloremque occaecati vero ullam. Nulla soluta incidunt dolore earum. Voluptates consequuntur impedit facilis autem quis porro maxime.', 998, 7, 26, '2019-02-08 08:02:48', '2019-02-08 08:02:48'),
(44, 'provident', 'Adipisci iste architecto velit eos. Magni expedita et voluptatem error. Explicabo iste voluptatem saepe et et nesciunt facilis. Quas quisquam deserunt atque.', 541, 0, 15, '2019-02-08 08:02:48', '2019-02-08 08:02:48'),
(45, 'corporis', 'Blanditiis distinctio recusandae aspernatur doloribus dolores. Accusantium aliquam quis occaecati fugit eum enim neque odit. Quo dignissimos non aperiam et quia. Dignissimos eum est est ut quibusdam. Voluptatem modi accusantium quis consectetur.', 771, 1, 14, '2019-02-08 08:02:48', '2019-02-08 08:02:48'),
(46, 'sunt', 'Iste facere voluptate dolorem nostrum et et iure inventore. Saepe veritatis in aut consequuntur inventore. Voluptas optio sed similique rerum vel facilis voluptatem numquam.', 660, 1, 4, '2019-02-08 08:02:48', '2019-02-08 08:02:48'),
(47, 'enim', 'Sunt blanditiis sint quo quis inventore et aut laboriosam. Praesentium corporis architecto quidem aut sit velit est. Odio unde consectetur dolores recusandae eaque. Ut reiciendis itaque veritatis dignissimos voluptatem. Aut omnis nihil in.', 490, 3, 5, '2019-02-08 08:02:48', '2019-02-08 08:02:48'),
(48, 'totam', 'Magni architecto neque voluptatem voluptatem. Omnis dolor provident qui voluptatem officia laboriosam dolor nihil. Sapiente distinctio et soluta ipsum et voluptatem.', 502, 6, 19, '2019-02-08 08:02:48', '2019-02-08 08:02:48'),
(49, 'veniam', 'Quasi vero qui rerum dolor. Repellendus blanditiis ut harum adipisci fugiat. Soluta blanditiis qui et velit harum non accusantium. Ea et reiciendis aut omnis dicta.', 882, 2, 20, '2019-02-08 08:02:48', '2019-02-08 08:02:48'),
(50, 'odit', 'Et omnis et dolor sint reiciendis quasi occaecati. Neque sed perferendis laborum velit ex quam. Aut aut libero iure modi. Dolorem qui reiciendis cupiditate dolor esse dolore commodi.', 592, 0, 6, '2019-02-08 08:02:48', '2019-02-08 08:02:48'),
(51, 'aut', 'Laboriosam non non eius aut magnam incidunt. Qui voluptates nobis labore sapiente dolorem quo molestiae. Laboriosam qui temporibus cupiditate culpa. Dolor doloremque numquam dolorem quae ipsum dolorem.', 476, 7, 13, '2019-02-08 08:03:40', '2019-02-08 08:03:40'),
(52, 'tempore', 'Quaerat excepturi sunt recusandae magnam aspernatur blanditiis necessitatibus. Consectetur blanditiis debitis sit. Veritatis dignissimos sit expedita vero ea veritatis.', 125, 5, 19, '2019-02-08 08:03:40', '2019-02-08 08:03:40'),
(53, 'aut', 'Officiis enim quo qui et a. Et voluptate pariatur sit tenetur ipsum.', 525, 4, 14, '2019-02-08 08:03:40', '2019-02-08 08:03:40'),
(54, 'ut', 'Voluptatem ut illum ut ea. Voluptate molestiae omnis ut itaque sequi. Modi accusantium doloribus suscipit qui ipsa deserunt dignissimos modi. Tenetur ut eveniet eveniet rerum et.', 886, 0, 3, '2019-02-08 08:03:40', '2019-02-08 08:03:40'),
(55, 'id', 'Rerum nemo in similique sed. Qui ut et quia. Ipsam omnis qui eum aperiam possimus et dolor.', 199, 2, 2, '2019-02-08 08:03:40', '2019-02-08 08:03:40'),
(56, 'sequi', 'Harum earum qui sed consequuntur cum dolore. Impedit ut voluptatem corrupti consequatur natus. Asperiores vitae unde nemo fugiat iste. Omnis quae id adipisci impedit dolor voluptatem eum tenetur.', 827, 5, 3, '2019-02-08 08:03:40', '2019-02-08 08:03:40'),
(57, 'consequatur', 'Debitis dolorem delectus sed fuga. Officia doloribus ad ipsa harum. Ad tempore culpa magni vitae nihil atque.', 531, 4, 23, '2019-02-08 08:03:40', '2019-02-08 08:03:40'),
(58, 'tempore', 'Sed eos ea voluptate laudantium magnam perferendis. Rerum velit ullam enim dicta quis quam facilis. Nulla aspernatur quae sunt quia cum et.', 419, 1, 2, '2019-02-08 08:03:40', '2019-02-08 08:03:40'),
(59, 'officia', 'Deleniti pariatur voluptatibus harum accusantium in accusantium ipsum. Et dolore in eligendi voluptatem itaque iusto est eaque. Asperiores sit dolorem qui doloribus quo consequatur qui. Repudiandae itaque minus ipsa explicabo necessitatibus.', 577, 5, 26, '2019-02-08 08:03:40', '2019-02-08 08:03:40'),
(60, 'eveniet', 'Aut numquam autem perspiciatis dolorum. Beatae explicabo sed voluptas rerum incidunt. Sed itaque consequatur aperiam voluptas quas facere.', 427, 2, 12, '2019-02-08 08:03:40', '2019-02-08 08:03:40'),
(61, 'eum', 'Aut ut cum sunt. Enim perferendis ex eaque aperiam. Exercitationem ut fuga fugiat et.', 387, 3, 20, '2019-02-08 08:03:40', '2019-02-08 08:03:40'),
(62, 'ut', 'Qui voluptas possimus quasi. Culpa qui eius placeat aperiam ducimus voluptatem. Non rerum et non temporibus distinctio.', 260, 2, 9, '2019-02-08 08:03:40', '2019-02-08 08:03:40'),
(63, 'sed', 'Eos neque beatae magnam qui est. Vel mollitia odit enim sapiente quia.', 774, 5, 20, '2019-02-08 08:03:40', '2019-02-08 08:03:40'),
(64, 'enim', 'Aliquid dignissimos et consequatur. Consequatur laboriosam provident et. Suscipit est hic voluptatem vel voluptates atque dolore. Neque temporibus vitae non et dicta id est quia.', 986, 8, 14, '2019-02-08 08:03:40', '2019-02-08 08:03:40'),
(65, 'magni', 'Expedita quibusdam perferendis et et placeat id odio. Ipsa rerum voluptatem recusandae perspiciatis. Quidem ut molestiae et quisquam autem in natus.', 874, 8, 22, '2019-02-08 08:03:40', '2019-02-08 08:03:40'),
(66, 'sit', 'Ducimus aut dolore aut quia totam. Qui repellat autem est esse nam nihil excepturi consectetur. Minus enim libero rerum. Aliquam qui sunt temporibus dicta ducimus quod.', 806, 4, 15, '2019-02-08 08:03:40', '2019-02-08 08:03:40'),
(67, 'et', 'Culpa eius in velit qui aut sunt saepe. Natus at sint quis cupiditate facere. Beatae dolorem dolorem nobis aut repellendus dolores blanditiis rerum.', 516, 3, 6, '2019-02-08 08:03:40', '2019-02-08 08:03:40'),
(68, 'placeat', 'Quia harum facere qui quam perspiciatis dolor ut. Enim ea qui est accusamus sint quia optio. Voluptatem ab repellendus odio mollitia qui labore commodi. Temporibus laudantium id hic voluptatum laboriosam nobis sunt.', 467, 3, 29, '2019-02-08 08:03:40', '2019-02-08 08:03:40'),
(69, 'culpa', 'Aut ipsam veniam qui et. Provident omnis sint atque sit repellendus ut qui minima. Molestiae inventore illo recusandae et. Molestias natus rerum est nesciunt voluptatem nihil iste.', 700, 5, 25, '2019-02-08 08:03:40', '2019-02-08 08:03:40'),
(70, 'qui', 'Assumenda iusto quam ipsa dolor. Magni ut provident eaque odio dolorem. Quaerat illum veritatis fugit neque velit quibusdam laudantium.', 206, 4, 4, '2019-02-08 08:03:40', '2019-02-08 08:03:40'),
(71, 'et', 'Officiis blanditiis iusto ducimus consequatur quia. Architecto nesciunt iure deleniti non illo. Delectus sit quasi aliquid aliquid est voluptatem voluptatem. Labore enim ut reprehenderit et distinctio dicta.', 513, 7, 3, '2019-02-08 08:03:41', '2019-02-08 08:03:41'),
(72, 'repellat', 'Porro sit possimus labore quia eum. Facere deleniti quia praesentium voluptas ullam iusto. Voluptatum expedita velit repellendus laudantium.', 441, 1, 5, '2019-02-08 08:03:41', '2019-02-08 08:03:41'),
(73, 'corporis', 'Dolorum officia expedita praesentium. Doloremque ut aperiam veritatis quidem. Rerum aut similique incidunt laboriosam officiis. Recusandae eveniet repellendus deserunt assumenda tempora.', 833, 1, 12, '2019-02-08 08:03:41', '2019-02-08 08:03:41'),
(74, 'qui', 'Non quis et debitis nostrum et earum aliquam. Delectus consequatur asperiores consequatur doloremque consequatur. Qui iste officiis et nemo in consequatur. In sint nobis saepe est quo perferendis ipsum.', 421, 9, 23, '2019-02-08 08:03:41', '2019-02-08 08:03:41'),
(75, 'ipsa', 'Labore quidem rerum explicabo officiis. Reprehenderit non ex ab architecto minima rerum maiores. Ipsam perspiciatis qui nobis.', 433, 5, 6, '2019-02-08 08:03:41', '2019-02-08 08:03:41'),
(76, 'quasi', 'Iure qui quam aut sed optio. Eveniet architecto exercitationem sapiente cumque omnis. Dolore dolorem necessitatibus et suscipit.', 368, 8, 21, '2019-02-08 08:03:41', '2019-02-08 08:03:41'),
(77, 'eos', 'Qui praesentium iure cum sint numquam ullam. Cum autem sunt facilis et. Sequi dolore ea et dicta.', 246, 7, 8, '2019-02-08 08:03:41', '2019-02-08 08:03:41'),
(78, 'voluptas', 'Fugiat culpa voluptate at. Rerum qui eveniet voluptas dolor hic soluta. Itaque voluptatem impedit ut harum. Sint ab deleniti ipsam omnis aut reiciendis amet.', 939, 1, 21, '2019-02-08 08:03:41', '2019-02-08 08:03:41'),
(79, 'dolor', 'Modi vero sint commodi distinctio omnis in. Perspiciatis quasi molestias ex ut rerum. Sint alias vel dolores praesentium minima culpa.', 687, 5, 25, '2019-02-08 08:03:41', '2019-02-08 08:03:41'),
(80, 'quae', 'Accusamus ut magni maiores nisi maxime. Amet quaerat repellendus itaque et voluptatum aut error. Dignissimos corrupti numquam sed voluptas dicta earum eum.', 216, 7, 10, '2019-02-08 08:03:41', '2019-02-08 08:03:41'),
(81, 'dolorem', 'Ab id sit velit hic dolores enim voluptas. Iste sunt minima dolore deserunt ex et quisquam. Voluptas saepe rerum et velit dolores. Animi rerum sed aspernatur iste quos ducimus ducimus.', 677, 2, 9, '2019-02-08 08:03:41', '2019-02-08 08:03:41'),
(82, 'unde', 'Laboriosam natus quam atque. Ipsum autem accusamus similique aut et ea numquam. Cupiditate commodi aut est esse quasi ut.', 404, 4, 10, '2019-02-08 08:03:41', '2019-02-08 08:03:41'),
(83, 'sunt', 'Ratione consequatur distinctio molestiae quibusdam ex nisi cumque. Ipsam qui possimus qui velit maiores dolorem atque. Libero rerum accusantium aliquam cupiditate.', 598, 4, 26, '2019-02-08 08:03:41', '2019-02-08 08:03:41'),
(84, 'aspernatur', 'Perspiciatis est pariatur est distinctio iusto. Dolore et consequatur laborum quos. Architecto deleniti non voluptate eius quae rerum eos.', 157, 1, 1, '2019-02-08 08:03:41', '2019-02-08 08:03:41'),
(85, 'dolore', 'Officiis reiciendis et illum corporis qui soluta commodi qui. Repellat ut quas aut. Et dicta fugit asperiores sint.', 163, 3, 8, '2019-02-08 08:03:41', '2019-02-08 08:03:41'),
(86, 'voluptas', 'Est aut aut et eos ipsam natus. Aliquam dolorum quia sit sit quia. Quaerat dolores quas eum ut quia.', 802, 9, 5, '2019-02-08 08:03:41', '2019-02-08 08:03:41'),
(87, 'qui', 'Ea quia eveniet expedita et autem molestiae. Deserunt blanditiis dolorem provident tempore asperiores eaque ab. Non ut illo voluptatem.', 276, 3, 8, '2019-02-08 08:03:41', '2019-02-08 08:03:41'),
(88, 'totam', 'Reprehenderit sapiente ducimus qui placeat ab illum mollitia pariatur. Nulla aliquid quasi occaecati voluptatem cum voluptates. Repellendus aut ea odit illo. Eligendi eos vitae est.', 794, 7, 7, '2019-02-08 08:03:41', '2019-02-08 08:03:41'),
(89, 'unde', 'Numquam earum cupiditate ipsa ea id accusantium corrupti. Voluptatibus aut itaque doloremque omnis sed consequatur illum inventore. Non fuga labore harum ut magni officiis.', 986, 6, 15, '2019-02-08 08:03:41', '2019-02-08 08:03:41'),
(90, 'nulla', 'Voluptatem impedit porro odio dolor sed molestiae. Cum exercitationem nulla unde sunt. Molestias magnam quibusdam explicabo quia sed libero.', 567, 5, 9, '2019-02-08 08:03:41', '2019-02-08 08:03:41'),
(91, 'ut', 'Nemo at quis quas quasi rem. Ipsum doloribus officiis maiores accusamus.', 280, 6, 24, '2019-02-08 08:03:41', '2019-02-08 08:03:41'),
(92, 'omnis', 'Labore quae impedit ea est. Magni dolores aut nisi expedita.', 700, 7, 0, '2019-02-08 08:03:41', '2019-02-08 08:03:41'),
(93, 'accusamus', 'Cupiditate voluptatem et tenetur voluptatum natus non. Qui id et tenetur veniam dolorem sit. Omnis eligendi voluptas eos quas.', 897, 8, 18, '2019-02-08 08:03:41', '2019-02-08 08:03:41'),
(94, 'ut', 'Cum placeat quas consequatur quos nihil repellendus nisi. Vel unde expedita vero. Itaque illo voluptatem debitis. Maxime ut nam assumenda exercitationem a. Ea commodi quod sunt voluptate eos.', 762, 4, 30, '2019-02-08 08:03:42', '2019-02-08 08:03:42'),
(95, 'quaerat', 'Veniam officia cum velit magnam nemo. Sunt aut exercitationem quam et. Numquam voluptatem aut veniam rem. Dolore harum ut exercitationem adipisci repellendus. Voluptatibus minus aut qui.', 709, 5, 11, '2019-02-08 08:03:42', '2019-02-08 08:03:42'),
(96, 'non', 'Aut quibusdam et laboriosam maxime sint qui. Voluptates doloremque impedit numquam quas natus aut neque. Ipsum necessitatibus saepe cumque provident aliquid nihil ut architecto.', 996, 3, 17, '2019-02-08 08:03:42', '2019-02-08 08:03:42'),
(97, 'ut', 'Dolorem adipisci necessitatibus cumque sunt animi culpa. Perferendis deleniti rerum esse quibusdam est quam. Ex omnis doloremque cumque ratione voluptates accusamus aut.', 884, 3, 26, '2019-02-08 08:03:42', '2019-02-08 08:03:42'),
(98, 'voluptatem', 'Quidem cumque accusantium ut et ut. Voluptatum labore recusandae autem. Itaque quo id mollitia recusandae sed.', 142, 7, 21, '2019-02-08 08:03:42', '2019-02-08 08:03:42'),
(99, 'sint', 'Quia quis dolorem ipsa. Voluptatibus eligendi quia quia enim consectetur. Cum labore vel esse quia natus asperiores numquam.', 288, 8, 11, '2019-02-08 08:03:42', '2019-02-08 08:03:42'),
(100, 'magni', 'Consequatur fugiat voluptas eveniet sed quidem facere vitae recusandae. Fugit commodi dolores explicabo ut et quae pariatur. Nihil soluta nemo quia quod natus quasi itaque.', 681, 6, 28, '2019-02-08 08:03:42', '2019-02-08 08:03:42'),
(101, 'provident', 'Nostrum consequuntur non voluptatem explicabo. Sit ea aliquid aut consectetur omnis quo tenetur dolores. Doloremque ullam et dolorum dignissimos nihil sint dolore. Consequuntur accusantium ut nesciunt id voluptas et aut.', 593, 5, 14, '2019-02-08 08:04:59', '2019-02-08 08:04:59'),
(102, 'sed', 'Amet voluptatem aliquam velit rem. Nemo laboriosam doloremque iusto laborum ut tenetur officia quam. Nobis voluptatem aut in voluptatem quas illum laboriosam.', 850, 5, 0, '2019-02-08 08:04:59', '2019-02-08 08:04:59'),
(103, 'dolore', 'Et aut consequatur nihil laudantium ipsum nam soluta. Unde quod impedit dolore voluptatem.', 818, 8, 13, '2019-02-08 08:04:59', '2019-02-08 08:04:59'),
(104, 'unde', 'Et odit ut voluptas qui voluptatibus quas. Eos qui quas autem molestiae dolorem facere eum. Animi aut adipisci eos incidunt iste.', 208, 8, 2, '2019-02-08 08:04:59', '2019-02-08 08:04:59'),
(105, 'vitae', 'Eum adipisci tempore sunt quis aut quia. Fugit praesentium vero dignissimos distinctio vel sit. Et maiores nesciunt hic non quibusdam exercitationem inventore. Et ipsa nulla autem voluptas.', 858, 6, 12, '2019-02-08 08:04:59', '2019-02-08 08:04:59'),
(106, 'voluptas', 'Harum deserunt fugit rem adipisci eum. Eos magni dolores qui nam sequi culpa soluta. Quibusdam et vel distinctio. Odit aspernatur commodi iste dolorem tempora quo dolor.', 892, 5, 1, '2019-02-08 08:04:59', '2019-02-08 08:04:59'),
(107, 'illo', 'Quis ut cupiditate aperiam in asperiores corrupti iste. Omnis enim nulla ipsa consequuntur voluptate maxime enim. Molestiae ipsum eum dolores omnis. Minus minus odio omnis iste.', 669, 1, 30, '2019-02-08 08:04:59', '2019-02-08 08:04:59'),
(108, 'deserunt', 'Velit eos impedit culpa velit iste. Unde doloremque doloremque dicta ut dignissimos. Autem voluptate et quam voluptatem sapiente tempora impedit. Omnis odio vitae omnis aut.', 489, 5, 24, '2019-02-08 08:04:59', '2019-02-08 08:04:59'),
(109, 'non', 'Et eaque velit dolorem rem aut itaque. Quia accusantium in ut dolore aut mollitia. Voluptas fugiat aut magni commodi nobis aut. Sit perspiciatis ea dolor perferendis ipsam et est.', 852, 7, 30, '2019-02-08 08:04:59', '2019-02-08 08:04:59'),
(110, 'omnis', 'Et eaque aliquam nulla aliquam sit non atque deleniti. Aut aut qui ut. Ipsam voluptate necessitatibus aut sapiente doloremque sed repellat. Non laboriosam voluptatum occaecati autem voluptatibus accusamus.', 433, 4, 3, '2019-02-08 08:05:00', '2019-02-08 08:05:00'),
(111, 'illum', 'Et voluptas quasi velit dignissimos laborum. Necessitatibus aut voluptatibus voluptate eius illo est officia. Nihil voluptatum quas mollitia voluptas nesciunt nostrum cupiditate. Vitae possimus accusamus necessitatibus magnam qui ipsa veniam.', 351, 2, 26, '2019-02-08 08:05:00', '2019-02-08 08:05:00'),
(112, 'eos', 'Perspiciatis omnis est inventore libero quas id in iusto. Accusamus eligendi labore officiis. Quis aut at eveniet minima quo. Eum labore qui et aut.', 209, 4, 4, '2019-02-08 08:05:00', '2019-02-08 08:05:00'),
(113, 'totam', 'Sit vitae et aut facere. Quia culpa aut voluptatibus dolorem non neque. Doloremque id omnis iste odio est ut.', 384, 7, 22, '2019-02-08 08:05:00', '2019-02-08 08:05:00'),
(114, 'harum', 'Eos nisi quas ratione non et pariatur. Eum repudiandae amet sit nostrum omnis. Dolorum placeat quia laudantium quo atque non ipsa. Et voluptatem odit aliquam odio quia.', 992, 9, 21, '2019-02-08 08:05:00', '2019-02-08 08:05:00'),
(115, 'officiis', 'Quod et facere at. Eaque ea reprehenderit officiis sunt enim tempora. Dolor doloremque eveniet alias possimus qui.', 819, 3, 9, '2019-02-08 08:05:00', '2019-02-08 08:05:00'),
(116, 'facere', 'Dolore ducimus cum dignissimos numquam. Sit id ut omnis deserunt. Voluptatem distinctio atque praesentium repellat neque. Odit temporibus nisi est eos qui. Ut esse molestiae impedit sapiente veniam ipsam a.', 118, 3, 8, '2019-02-08 08:05:00', '2019-02-08 08:05:00'),
(117, 'atque', 'Facilis consequuntur qui voluptatem ea. Aut aut fugiat dolorum eum provident. Aut atque officia ut consequatur accusantium excepturi.', 804, 1, 4, '2019-02-08 08:05:00', '2019-02-08 08:05:00'),
(118, 'molestiae', 'Debitis maiores qui qui nam ut dolore. Vel quia ipsam in et rerum sit sunt voluptatibus. Velit adipisci adipisci voluptas ipsum nobis sapiente odit.', 244, 4, 15, '2019-02-08 08:05:00', '2019-02-08 08:05:00'),
(119, 'beatae', 'Ea quis rerum nostrum provident nihil dolorem temporibus. Ipsum ad est dolore reprehenderit ipsam et. Sunt illo porro explicabo iste velit vero et. Voluptatibus quam rerum repellat molestiae cum est dolores vel.', 724, 8, 4, '2019-02-08 08:05:00', '2019-02-08 08:05:00'),
(120, 'qui', 'Molestias incidunt illo occaecati aut distinctio sapiente. Magni nisi quia voluptatibus eum. Facere necessitatibus minus asperiores. Eum magnam numquam ipsa et atque. Delectus quia officia et.', 123, 1, 29, '2019-02-08 08:05:00', '2019-02-08 08:05:00'),
(121, 'molestias', 'Ipsam mollitia vero nostrum eos labore consectetur. Illum at perspiciatis impedit sed sed. Dolore a quasi aut necessitatibus ullam.', 614, 3, 18, '2019-02-08 08:05:00', '2019-02-08 08:05:00'),
(122, 'ducimus', 'Adipisci est voluptatem velit et. Debitis voluptatem laudantium exercitationem sunt. Aut consequuntur a consequatur enim enim magni voluptatem. Placeat velit eum ipsum modi.', 719, 0, 7, '2019-02-08 08:05:00', '2019-02-08 08:05:00'),
(123, 'impedit', 'Consequatur dolores hic voluptas eaque et corrupti et. Laudantium voluptas vitae incidunt. Distinctio laboriosam facilis vel repellat alias animi.', 798, 7, 0, '2019-02-08 08:05:00', '2019-02-08 08:05:00'),
(124, 'distinctio', 'In quam repellendus sed sint aut officia. Quas rerum voluptatum reiciendis quia qui.', 834, 8, 1, '2019-02-08 08:05:00', '2019-02-08 08:05:00'),
(125, 'numquam', 'Voluptatibus culpa omnis dolorem ab unde. Tempore corporis totam dolor. Consequatur et amet ducimus necessitatibus omnis architecto. Laudantium ipsa quia architecto dolores quae eum ut.', 732, 5, 15, '2019-02-08 08:05:00', '2019-02-08 08:05:00'),
(126, 'voluptates', 'Tenetur excepturi mollitia libero commodi deserunt quibusdam qui. Voluptatem cumque et quis. Rerum dolorem officia molestiae. Ipsam non possimus libero cum autem et et sit.', 810, 9, 8, '2019-02-08 08:05:00', '2019-02-08 08:05:00'),
(127, 'voluptatem', 'Quaerat asperiores et quisquam mollitia ipsum. Ipsum ex occaecati aut voluptatem ut officia molestiae dolores. Soluta est soluta culpa tenetur aut.', 889, 6, 8, '2019-02-08 08:05:00', '2019-02-08 08:05:00'),
(128, 'optio', 'Harum rem dolores impedit sint eos provident. Et officiis voluptatibus voluptatem excepturi et. Doloremque consequatur dolores eaque ut voluptatem deleniti. Earum aut minima nihil quos aperiam qui fuga.', 970, 6, 19, '2019-02-08 08:05:01', '2019-02-08 08:05:01'),
(129, 'dolores', 'Officia qui eos id quo quam quidem. Explicabo totam voluptas non ut maxime. Odio expedita aspernatur ut sint quibusdam sint. In totam fugiat dignissimos optio hic voluptatibus.', 968, 0, 16, '2019-02-08 08:05:01', '2019-02-08 08:05:01'),
(130, 'nisi', 'Explicabo explicabo eius corporis ipsa sed corporis quis. A porro nihil aut maiores eaque. Laboriosam aut facilis et est. Voluptatem corrupti eaque quia quasi et provident eaque.', 823, 0, 4, '2019-02-08 08:05:01', '2019-02-08 08:05:01'),
(131, 'eos', 'Omnis dolore optio aut nemo sint. Aut est delectus iste eum sunt. Non praesentium velit deserunt consequatur hic quae error. Natus aut quis culpa molestias.', 271, 4, 11, '2019-02-08 08:05:01', '2019-02-08 08:05:01'),
(132, 'maiores', 'Doloribus veniam ut voluptatem aut. Officiis minima eos tempora reiciendis dolor minima. Expedita repellat accusamus debitis pariatur aspernatur soluta velit. Error dolore ut impedit ea.', 923, 0, 11, '2019-02-08 08:05:01', '2019-02-08 08:05:01'),
(133, 'ad', 'Id dolor sit quas velit quam. Possimus quisquam praesentium perferendis non. Quo ad aut et ducimus fugit non sit non.', 587, 6, 6, '2019-02-08 08:05:01', '2019-02-08 08:05:01'),
(134, 'vel', 'Quo et autem doloribus rem sunt eum sequi assumenda. Est vel temporibus aut distinctio labore eveniet. Numquam laudantium mollitia sapiente consequatur.', 157, 5, 11, '2019-02-08 08:05:01', '2019-02-08 08:05:01'),
(135, 'placeat', 'Sed facilis qui delectus ullam sed eligendi qui. Autem eos autem nostrum maiores qui vel accusamus.', 700, 8, 20, '2019-02-08 08:05:01', '2019-02-08 08:05:01'),
(136, 'quo', 'Repudiandae nobis et laboriosam deleniti saepe velit cum sed. Repellat sed in architecto labore ducimus. Molestiae aut odio voluptatem aperiam est dolorem. Facere eos incidunt velit sed.', 318, 3, 29, '2019-02-08 08:05:01', '2019-02-08 08:05:01'),
(137, 'tenetur', 'Quis sint inventore velit molestiae eveniet alias. Dolorem totam officia quisquam optio ut. Nihil et quia recusandae recusandae voluptatibus modi dolorem. Numquam numquam esse impedit aut odio soluta omnis.', 727, 4, 2, '2019-02-08 08:05:01', '2019-02-08 08:05:01'),
(138, 'nobis', 'Repudiandae soluta ipsum omnis magni totam natus dolores. Quis aliquam voluptates qui earum voluptas. Voluptatem fugit ullam temporibus est aut.', 972, 7, 18, '2019-02-08 08:05:01', '2019-02-08 08:05:01'),
(139, 'commodi', 'Consequuntur nostrum nisi beatae. Velit est molestiae alias impedit velit nemo ratione porro. Itaque assumenda sit tempore earum dolore cupiditate et iure. Voluptatem aliquid rem odit suscipit quia consequuntur qui.', 576, 8, 27, '2019-02-08 08:05:01', '2019-02-08 08:05:01'),
(140, 'ad', 'Dolor qui aut enim et sed. Et culpa dolor expedita ad sapiente dolores nostrum.', 168, 1, 22, '2019-02-08 08:05:01', '2019-02-08 08:05:01'),
(141, 'omnis', 'Est accusamus commodi voluptas omnis. Reiciendis ut illo dolores sit quod. Facilis voluptatem adipisci esse sint sequi.', 965, 0, 3, '2019-02-08 08:05:01', '2019-02-08 08:05:01'),
(142, 'amet', 'Quis corporis delectus et deleniti quas. Nulla maxime veniam enim facilis aliquid ipsam. Eaque et ipsa quia in eum aut.', 992, 7, 17, '2019-02-08 08:05:01', '2019-02-08 08:05:01'),
(143, 'sed', 'Iste sed doloremque consectetur repellat. Veritatis eveniet qui itaque harum et unde. Voluptas delectus pariatur odit repellendus. Perferendis quas ut fuga dolorem sunt omnis. Eum nesciunt deserunt iure.', 554, 0, 18, '2019-02-08 08:05:01', '2019-02-08 08:05:01'),
(144, 'accusamus', 'Animi molestias aut quia eaque. Et et doloremque veritatis qui consequatur impedit. Earum quasi excepturi quia.', 513, 9, 30, '2019-02-08 08:05:01', '2019-02-08 08:05:01'),
(145, 'quisquam', 'Dolores et accusamus vero incidunt odit. Corporis est possimus nam quis. Dicta sapiente rerum ullam aperiam.', 920, 7, 8, '2019-02-08 08:05:01', '2019-02-08 08:05:01'),
(146, 'delectus', 'Consequuntur sed necessitatibus vero sed. Quae et voluptate praesentium modi est et provident. Qui incidunt accusamus libero assumenda.', 778, 0, 28, '2019-02-08 08:05:01', '2019-02-08 08:05:01'),
(147, 'hic', 'Aut dolorem quos provident. Ut iusto sed numquam eaque et impedit. Tempore voluptatum cum perferendis quas reiciendis nesciunt occaecati.', 269, 4, 0, '2019-02-08 08:05:01', '2019-02-08 08:05:01'),
(148, 'architecto', 'Vel voluptatem aut laudantium facilis magnam ab aut. Vero a odio inventore modi ab recusandae. Architecto accusantium voluptates id corrupti accusantium aliquam temporibus sed. Natus earum impedit aperiam ea in earum quis excepturi. Quaerat ab quo quos sapiente voluptates temporibus.', 358, 1, 7, '2019-02-08 08:05:01', '2019-02-08 08:05:01'),
(149, 'ut', 'Dolores ut et excepturi et quasi. Aliquam sapiente adipisci laudantium ut. Est fugit et aut tempora alias. Quibusdam omnis tempore consequatur libero. Ad id velit dolorum quia.', 418, 1, 7, '2019-02-08 08:05:02', '2019-02-08 08:05:02'),
(150, 'placeat', 'Quidem est et facere voluptates. Quod consequuntur rerum voluptate reiciendis quis. Eum vel rerum consequatur aut voluptatem aut.', 167, 7, 6, '2019-02-08 08:05:02', '2019-02-08 08:05:02'),
(151, 'neque', 'Numquam asperiores quia neque dolore est. Accusamus maxime sit ut sequi harum aut quisquam. Repudiandae et qui quia perspiciatis reprehenderit doloremque nihil. Tempore sapiente labore nesciunt eum aut unde.', 502, 2, 23, '2019-02-08 08:05:59', '2019-02-08 08:05:59'),
(152, 'vel', 'Consequatur neque sit tenetur sed veniam dolores. Aut illum qui repudiandae. Nemo quia vitae rem sit. Et rerum sit ut quis totam ipsam. Eius omnis soluta velit labore alias.', 492, 7, 4, '2019-02-08 08:05:59', '2019-02-08 08:05:59'),
(153, 'et', 'Temporibus quisquam pariatur beatae facere in iure. Doloremque est rerum et omnis adipisci. Repudiandae non impedit tempore commodi fugit qui voluptatem.', 609, 0, 0, '2019-02-08 08:05:59', '2019-02-08 08:05:59'),
(154, 'in', 'Ea et et dolor eveniet qui. Similique voluptates placeat quos optio architecto dolores.', 293, 4, 19, '2019-02-08 08:05:59', '2019-02-08 08:05:59'),
(155, 'quia', 'Quaerat omnis voluptate aut doloremque deserunt sapiente minima. Est ut eligendi architecto earum ipsam. Amet aut odio qui omnis modi omnis modi. Natus magnam aut perspiciatis cum quis.', 874, 5, 6, '2019-02-08 08:05:59', '2019-02-08 08:05:59'),
(156, 'non', 'Eum eos est a est optio. Rerum optio perferendis suscipit enim qui. Neque quae et minus qui cupiditate incidunt et.', 915, 2, 10, '2019-02-08 08:05:59', '2019-02-08 08:05:59'),
(157, 'aut', 'Quae maiores dignissimos est. At impedit est magni magnam quod quis et voluptas.', 407, 7, 26, '2019-02-08 08:05:59', '2019-02-08 08:05:59'),
(158, 'occaecati', 'Placeat vel sapiente qui soluta. Assumenda est iste quis similique possimus. Mollitia molestias sit officia dicta aliquid nam quae. Voluptatem sunt excepturi corrupti perferendis illum et nulla.', 230, 6, 27, '2019-02-08 08:05:59', '2019-02-08 08:05:59'),
(159, 'dolorem', 'Rem itaque est qui ullam necessitatibus voluptate. Qui recusandae id minus atque rerum commodi culpa. Et ut delectus distinctio aut. Vel est rerum id aut.', 956, 2, 14, '2019-02-08 08:05:59', '2019-02-08 08:05:59'),
(160, 'vitae', 'Dolorem hic eum libero dolorum qui adipisci sapiente. Qui culpa sed enim saepe sunt. Deserunt similique est eos.', 343, 3, 7, '2019-02-08 08:05:59', '2019-02-08 08:05:59'),
(161, 'vel', 'Eligendi animi fugit amet ex pariatur nisi. Pariatur deserunt velit fuga aut dolore maxime.', 718, 5, 0, '2019-02-08 08:05:59', '2019-02-08 08:05:59'),
(162, 'sint', 'Nihil nemo itaque error ducimus qui ipsa nobis. Vel totam quo non consectetur excepturi aperiam veniam. Consequatur iste alias sapiente nulla adipisci.', 524, 8, 8, '2019-02-08 08:05:59', '2019-02-08 08:05:59'),
(163, 'ratione', 'Ad ut exercitationem vero distinctio unde. Omnis itaque voluptatem totam in. Minus ipsam nam voluptas omnis asperiores nostrum.', 946, 9, 9, '2019-02-08 08:05:59', '2019-02-08 08:05:59'),
(164, 'et', 'Autem sit necessitatibus sed quia neque ullam. Voluptas culpa repellat itaque maxime modi. Et laborum omnis beatae velit. Sed officiis totam dolor.', 596, 4, 8, '2019-02-08 08:05:59', '2019-02-08 08:05:59'),
(165, 'qui', 'Incidunt ea amet dolore molestiae aut pariatur suscipit. Aspernatur et unde explicabo fugit deleniti provident nihil. Molestias pariatur quidem autem at delectus nobis qui perferendis. Expedita laudantium et aut sint. Labore illo et sed minima.', 831, 6, 21, '2019-02-08 08:05:59', '2019-02-08 08:05:59'),
(166, 'voluptatem', 'Sint rerum tempore qui. Vero facere voluptatibus provident et veritatis. Eius provident aut exercitationem quibusdam.', 422, 7, 8, '2019-02-08 08:05:59', '2019-02-08 08:05:59'),
(167, 'quia', 'Iste quis id sit exercitationem. Autem ut eaque possimus possimus. Aut qui modi quis culpa.', 418, 3, 8, '2019-02-08 08:05:59', '2019-02-08 08:05:59'),
(168, 'eum', 'Magni inventore autem quaerat libero adipisci iusto quidem. Eos sed voluptatem tempora molestias ut et. Earum a et quia quaerat autem cupiditate voluptatum. Officiis dolorem quia earum non iusto sapiente.', 430, 8, 18, '2019-02-08 08:05:59', '2019-02-08 08:05:59'),
(169, 'praesentium', 'Ut ut sapiente quo exercitationem. Sed provident nihil sunt ullam a. Consequatur nulla amet sint distinctio doloribus officiis porro quae. Illo sint quia magnam error. Ab modi possimus minima est necessitatibus.', 982, 9, 10, '2019-02-08 08:06:00', '2019-02-08 08:06:00'),
(170, 'voluptatum', 'Sit officiis aut maiores explicabo laborum. Consequatur harum vel corporis aperiam nisi sit. Voluptatibus expedita ut vel aliquid sint impedit. Sapiente et dolor aut ad ipsum autem molestiae.', 926, 6, 25, '2019-02-08 08:06:00', '2019-02-08 08:06:00'),
(171, 'ut', 'Sed alias quia praesentium eligendi officiis beatae consequatur. Nobis et reprehenderit rerum est nihil porro. Voluptatem qui non praesentium.', 145, 8, 0, '2019-02-08 08:06:00', '2019-02-08 08:06:00'),
(172, 'atque', 'Officiis aut id odit sed aut et et non. Incidunt et mollitia ab et rerum voluptatem reprehenderit ex. Qui non dolor dolor est facere.', 512, 4, 15, '2019-02-08 08:06:00', '2019-02-08 08:06:00'),
(173, 'nisi', 'Debitis dolorem alias sit ea. Repellendus reprehenderit laudantium et delectus deleniti. Sed molestiae itaque quia hic dolores et. Dolorem a non et rerum.', 993, 3, 23, '2019-02-08 08:06:00', '2019-02-08 08:06:00'),
(174, 'soluta', 'Debitis dolorum rem commodi minima dolorum eius. Aut quibusdam velit rerum omnis vitae voluptatem quod. Atque aliquid recusandae suscipit reiciendis. Ducimus magni dolore libero eum corporis itaque.', 251, 8, 2, '2019-02-08 08:06:00', '2019-02-08 08:06:00'),
(175, 'dolores', 'Voluptatem cupiditate maiores non tenetur. Quia voluptatem qui debitis illum est. Non debitis quaerat nulla minus iusto dolor deleniti.', 200, 9, 7, '2019-02-08 08:06:00', '2019-02-08 08:06:00'),
(176, 'totam', 'Ipsam molestias ut cum labore. Blanditiis et voluptatem dicta. Laborum error similique odit sapiente nihil nesciunt asperiores. Quo quia qui molestiae non.', 539, 0, 6, '2019-02-08 08:06:00', '2019-02-08 08:06:00'),
(177, 'a', 'At perferendis unde alias delectus. Rerum molestias voluptatibus officiis iusto.', 499, 0, 16, '2019-02-08 08:06:00', '2019-02-08 08:06:00'),
(178, 'eos', 'Dolores perferendis molestiae eaque laboriosam. Unde temporibus magni ipsam dicta laborum et. Et quia et corporis quasi ducimus omnis veritatis.', 882, 8, 17, '2019-02-08 08:06:00', '2019-02-08 08:06:00'),
(179, 'eius', 'Et deserunt officiis rem et maiores. Tempore quia voluptatem et et. Vel ratione odit iusto ut aut maxime fugit. Corporis maxime veniam quisquam voluptas.', 844, 2, 7, '2019-02-08 08:06:00', '2019-02-08 08:06:00'),
(180, 'aut', 'Distinctio repudiandae numquam sed suscipit. Qui id et et non cumque. Soluta reprehenderit rem facere aut enim.', 140, 2, 14, '2019-02-08 08:06:00', '2019-02-08 08:06:00'),
(181, 'tempora', 'Aut eveniet commodi sed molestiae iusto atque. Cupiditate doloribus provident ex praesentium. Accusantium iste molestias laboriosam et consequatur quia tenetur. Itaque nobis eos nulla aspernatur in.', 223, 7, 26, '2019-02-08 08:06:00', '2019-02-08 08:06:00'),
(182, 'facere', 'Cupiditate facilis est consectetur qui autem beatae. Consequuntur voluptatem voluptatum nobis ullam a. Nam laudantium ad aut qui quae quaerat temporibus.', 800, 5, 0, '2019-02-08 08:06:00', '2019-02-08 08:06:00'),
(183, 'sit', 'Qui enim corrupti ut consequatur. Rerum nisi quod eius esse nulla. Iusto ratione et reprehenderit.', 281, 9, 22, '2019-02-08 08:06:00', '2019-02-08 08:06:00'),
(184, 'velit', 'Id itaque quibusdam ipsa. Eius qui illo quia omnis dolor voluptatum magni perspiciatis.', 359, 7, 14, '2019-02-08 08:06:00', '2019-02-08 08:06:00'),
(185, 'deleniti', 'Laboriosam et quasi illum voluptatem. Laudantium voluptas dicta consequuntur placeat quia. Sunt quasi voluptatem maxime eum et eos recusandae quia. Porro dolorum ad cum magni ex.', 878, 5, 19, '2019-02-08 08:06:00', '2019-02-08 08:06:00'),
(186, 'distinctio', 'Adipisci ut excepturi sed eaque. Suscipit et numquam consequuntur incidunt.', 239, 0, 13, '2019-02-08 08:06:00', '2019-02-08 08:06:00'),
(187, 'et', 'Vero doloribus voluptates possimus corporis. Incidunt iste nemo tempora minus. Necessitatibus voluptas ratione quaerat beatae totam debitis.', 361, 7, 4, '2019-02-08 08:06:00', '2019-02-08 08:06:00'),
(188, 'illo', 'Voluptatum vel sit corrupti et distinctio. Ut repellendus vero qui corrupti sed. Corrupti molestiae nihil architecto iste tempora quia. Beatae libero id nesciunt deleniti aliquam itaque.', 559, 2, 14, '2019-02-08 08:06:00', '2019-02-08 08:06:00'),
(189, 'similique', 'Animi quos id maiores qui enim officia. Asperiores autem facere quae perferendis eum debitis. Sunt dolore harum quam quia esse optio a. Quo et eaque odit repellendus repellendus.', 897, 6, 23, '2019-02-08 08:06:00', '2019-02-08 08:06:00'),
(190, 'totam', 'Ut quos sed necessitatibus ullam omnis est non. Voluptatem officiis eum non fugiat. Ex eaque exercitationem hic doloribus aut.', 656, 9, 26, '2019-02-08 08:06:01', '2019-02-08 08:06:01'),
(191, 'ratione', 'Corporis et magni sit et. Aut animi ullam quia veritatis. Quaerat beatae ut quod tenetur eligendi. Vel rerum vero perspiciatis laudantium officia dolorem.', 918, 0, 25, '2019-02-08 08:06:01', '2019-02-08 08:06:01'),
(192, 'nulla', 'Earum commodi tempore voluptatem doloremque. Accusamus sit voluptas ut in optio. Quia blanditiis error fugit dolorem impedit eum laboriosam.', 466, 9, 24, '2019-02-08 08:06:01', '2019-02-08 08:06:01'),
(193, 'aut', 'Nobis tempora odit distinctio soluta mollitia. Quasi eum ex nostrum ipsum rerum doloribus. Optio odio iure asperiores voluptatum aut quia.', 813, 6, 4, '2019-02-08 08:06:01', '2019-02-08 08:06:01'),
(194, 'nemo', 'Vel quis sint sunt provident illo quae. Sit quis distinctio praesentium odio est. Incidunt maxime facilis ad. Perferendis velit illo nulla sed.', 561, 2, 7, '2019-02-08 08:06:01', '2019-02-08 08:06:01'),
(195, 'vel', 'Consectetur est commodi repellendus numquam. Ut aut corrupti et quia. Est architecto ut delectus. In et ut dolor.', 816, 7, 7, '2019-02-08 08:06:01', '2019-02-08 08:06:01'),
(196, 'id', 'Ut fuga iusto dolorem. Dolor voluptate voluptatem accusamus et et voluptatem labore. Magni in eos molestiae.', 416, 9, 9, '2019-02-08 08:06:01', '2019-02-08 08:06:01'),
(197, 'ratione', 'Aut non et aut repellendus. Velit ut id vitae assumenda earum corrupti labore. Quo laboriosam ratione consequatur cum excepturi ipsa sed totam. Alias deserunt ipsa est sit sit pariatur tempore.', 280, 0, 23, '2019-02-08 08:06:01', '2019-02-08 08:06:01'),
(198, 'fuga', 'Dicta sed fugit aperiam velit asperiores id est. Reprehenderit aut omnis ab voluptatem voluptas. Doloribus ipsum vel sed atque quas odit. Et tempore facere molestiae.', 876, 0, 30, '2019-02-08 08:06:01', '2019-02-08 08:06:01'),
(199, 'nisi', 'Ut perspiciatis incidunt cumque culpa cupiditate sit. Minima nostrum quia laborum praesentium soluta cupiditate. Cupiditate reprehenderit debitis suscipit et exercitationem nisi ducimus. Id dolorem repudiandae eligendi sequi est cupiditate.', 728, 1, 1, '2019-02-08 08:06:01', '2019-02-08 08:06:01'),
(200, 'ipsa', 'Tempora officia magnam rem eum velit laborum laudantium. Quia velit perspiciatis et voluptates nemo. Alias sint ducimus dicta.', 729, 4, 14, '2019-02-08 08:06:01', '2019-02-08 08:06:01');

-- --------------------------------------------------------

--
-- Table structure for table `reviews`
--

CREATE TABLE `reviews` (
  `id` int(10) UNSIGNED NOT NULL,
  `product_id` int(10) UNSIGNED NOT NULL,
  `customer` varchar(255) COLLATE utf8mb4_unicode_ci NOT NULL,
  `review` text COLLATE utf8mb4_unicode_ci NOT NULL,
  `star` int(11) NOT NULL,
  `created_at` timestamp NULL DEFAULT NULL,
  `updated_at` timestamp NULL DEFAULT NULL
) ENGINE=InnoDB DEFAULT CHARSET=utf8mb4 COLLATE=utf8mb4_unicode_ci;

--
-- Dumping data for table `reviews`
--

INSERT INTO `reviews` (`id`, `product_id`, `customer`, `review`, `star`, `created_at`, `updated_at`) VALUES
(1, 75, 'Prof. Kennedi Labadie MD', 'Maiores eligendi nostrum incidunt. Id autem natus autem. Iure debitis fugit accusamus ut totam. Tenetur adipisci ut nobis delectus fugiat.', 5, '2019-02-08 08:06:02', '2019-02-08 08:06:02'),
(2, 160, 'Cecil Becker', 'Et quo dolores dolorem fugiat. Et magni debitis odit quis. Velit sed qui eos quia. Maiores ut ut doloribus corrupti sed aliquam in ab.', 2, '2019-02-08 08:06:02', '2019-02-08 08:06:02'),
(3, 19, 'Dr. Bria McGlynn', 'Voluptate quia quaerat est impedit molestias. Temporibus eos dolor aut et. Qui odit ut sed quo. Qui possimus voluptas facilis.', 4, '2019-02-08 08:06:02', '2019-02-08 08:06:02'),
(4, 133, 'Jamel Ortiz', 'Corrupti minima voluptatum velit quod beatae sit. Rerum nihil ratione iusto ad enim aliquam.', 1, '2019-02-08 08:06:02', '2019-02-08 08:06:02'),
(5, 34, 'Carmel Walter', 'Architecto est repudiandae nemo deleniti. Libero quis qui rerum qui placeat. Illo quis dolorem officiis ipsum nam. Quia deleniti eum itaque quo occaecati.', 5, '2019-02-08 08:06:02', '2019-02-08 08:06:02'),
(6, 65, 'Clement Walter', 'Sunt aliquam iure consequuntur dolorem distinctio qui et amet. Cumque cupiditate impedit beatae qui ut iste. Quod voluptas et est fuga quaerat sint sunt. Nobis tempora facere tenetur.', 2, '2019-02-08 08:06:02', '2019-02-08 08:06:02'),
(7, 89, 'Mr. Seamus Kuphal III', 'Omnis sit et sed et et expedita. Et consequuntur et sed laboriosam ut atque rerum.', 4, '2019-02-08 08:06:02', '2019-02-08 08:06:02'),
(8, 69, 'Dr. Lincoln Beatty', 'Qui fuga voluptas quo est cum provident illo culpa. Ut quas numquam deserunt soluta sit non. Aut incidunt dicta facilis asperiores. Eos rem et enim porro aut maiores qui.', 0, '2019-02-08 08:06:02', '2019-02-08 08:06:02'),
(9, 35, 'Mr. Edwardo Moen PhD', 'Pariatur quia laudantium odit at assumenda. Et quae eos laborum qui et ut est.', 4, '2019-02-08 08:06:02', '2019-02-08 08:06:02'),
(10, 111, 'Leanna Ward III', 'Doloribus et et saepe molestias qui velit. Nulla illum atque ut minus quam nesciunt modi. Ipsam rem illum voluptate recusandae deserunt. Quis modi illum sequi iste itaque et sint.', 2, '2019-02-08 08:06:02', '2019-02-08 08:06:02'),
(11, 162, 'Dr. Keaton Kreiger', 'Illum tempore quis voluptas tenetur. Iure et est odio aliquid esse. Mollitia qui hic iste sint.', 4, '2019-02-08 08:06:02', '2019-02-08 08:06:02'),
(12, 63, 'Adalberto Becker Jr.', 'Perferendis omnis est architecto non quia rerum. Exercitationem ad quam sunt illo. Consequatur fugiat atque aut.', 0, '2019-02-08 08:06:02', '2019-02-08 08:06:02'),
(13, 44, 'Lucio Pollich', 'Eius earum incidunt atque aperiam ipsam culpa itaque. Deleniti beatae reiciendis et commodi omnis consequuntur nihil. Dignissimos officiis hic dolorem et excepturi quisquam ut et. Facilis cumque adipisci dicta omnis quo quia.', 1, '2019-02-08 08:06:02', '2019-02-08 08:06:02'),
(14, 161, 'Alice Brakus', 'Perspiciatis ipsa ab alias corporis neque dicta quis. Et repellendus ut et odit temporibus soluta nisi.', 1, '2019-02-08 08:06:03', '2019-02-08 08:06:03'),
(15, 21, 'Hosea Schultz', 'Velit nesciunt porro qui quia voluptatem ea tenetur. Nobis animi delectus debitis. Dignissimos non aperiam rerum culpa ratione. Veritatis nobis voluptas et itaque eveniet.', 0, '2019-02-08 08:06:03', '2019-02-08 08:06:03'),
(16, 84, 'Ms. Brooklyn Rowe', 'Et natus magni exercitationem quibusdam. Autem fugiat aut omnis omnis. Quasi et consequatur eos magnam. Maiores minima et eos non autem rerum sed. Voluptatem numquam velit eum et.', 0, '2019-02-08 08:06:03', '2019-02-08 08:06:03'),
(17, 172, 'Savanah Carter', 'Possimus pariatur consectetur sequi corrupti corrupti. Eius impedit et adipisci et deserunt. At dicta molestiae totam atque quia.', 5, '2019-02-08 08:06:03', '2019-02-08 08:06:03'),
(18, 194, 'Mrs. Melyna Ratke', 'Quis delectus velit ipsam voluptatibus. Et eos quos iste. Accusantium est est quod animi inventore non molestiae. Ipsa aut non ut cumque qui debitis repellendus.', 2, '2019-02-08 08:06:03', '2019-02-08 08:06:03'),
(19, 172, 'Melody McCullough', 'Natus sed quas eveniet occaecati ut. Et dolorem cumque tenetur. Aut cum sint minima sequi facere recusandae explicabo molestiae. Minus consequatur necessitatibus ut.', 0, '2019-02-08 08:06:03', '2019-02-08 08:06:03'),
(20, 156, 'Mr. Hiram Ryan Sr.', 'In quae quia laborum iusto. Reprehenderit exercitationem voluptatibus totam molestiae voluptas. Voluptas culpa aut atque repudiandae. Nam nulla libero corrupti ad eos nostrum.', 0, '2019-02-08 08:06:03', '2019-02-08 08:06:03'),
(21, 28, 'Monty Goyette', 'Reprehenderit magnam consequatur officiis velit eligendi velit consequatur. Expedita impedit voluptatem odit corrupti ut enim natus possimus. Provident saepe asperiores excepturi accusamus et amet. Laborum nostrum ad qui.', 5, '2019-02-08 08:06:03', '2019-02-08 08:06:03'),
(22, 174, 'Miss Nakia Kub', 'Maiores qui officiis et voluptas minus voluptatum. Praesentium provident possimus nisi cupiditate ex explicabo. Et aut et magni.', 0, '2019-02-08 08:06:03', '2019-02-08 08:06:03'),
(23, 122, 'Maegan Zulauf', 'Deleniti porro amet quo similique molestiae est. Explicabo iure dolorem quisquam est cupiditate accusantium fugit perspiciatis. Voluptatem numquam reiciendis sit iusto exercitationem quidem. Voluptas et distinctio ut itaque voluptatibus vel libero.', 0, '2019-02-08 08:06:03', '2019-02-08 08:06:03'),
(24, 124, 'Ms. Vivien Conn Sr.', 'Placeat esse id ipsum illo. Rerum omnis vel perspiciatis aut. Voluptatibus eligendi sed accusamus quos.', 2, '2019-02-08 08:06:03', '2019-02-08 08:06:03'),
(25, 23, 'Crystal Kris', 'Sit sapiente consequuntur similique ut excepturi ea. Sapiente et vero rem consequatur voluptatem. Laboriosam et aut autem ab error sunt. Dolorum qui eos enim excepturi eveniet maiores modi. Ducimus quo eos sapiente non.', 1, '2019-02-08 08:06:03', '2019-02-08 08:06:03'),
(26, 44, 'Berniece Grimes', 'Eum aut fugit est aut eum et. Eos nobis eaque quia labore. Delectus deleniti autem qui porro et repellendus voluptate.', 4, '2019-02-08 08:06:03', '2019-02-08 08:06:03'),
(27, 25, 'Mrs. Raegan Dickinson', 'Est modi sapiente facilis blanditiis et. Facilis sapiente dolorem et odit et. Fuga dolores ut suscipit harum saepe. Modi repellat est vel harum voluptatum quia dolor.', 4, '2019-02-08 08:06:03', '2019-02-08 08:06:03'),
(28, 143, 'Beth Johnston MD', 'Praesentium quidem quia voluptatem et et. Eos et recusandae amet et. Facere facilis voluptatem quo modi.', 2, '2019-02-08 08:06:03', '2019-02-08 08:06:03'),
(29, 101, 'Kristofer Mitchell I', 'Facilis error exercitationem sit aliquam placeat esse. Debitis ad qui autem aperiam quis aut suscipit magni.', 0, '2019-02-08 08:06:03', '2019-02-08 08:06:03'),
(30, 35, 'Camille Daniel', 'Aspernatur consequatur cum occaecati commodi nulla ea. Et voluptas libero itaque quibusdam qui. Numquam vel odio corrupti quidem explicabo voluptatem id et.', 2, '2019-02-08 08:06:03', '2019-02-08 08:06:03'),
(31, 54, 'Donnie Grant', 'Ullam consequatur reprehenderit labore iure est tenetur. Animi vitae iusto omnis molestias nam eius id. Incidunt qui est minima libero. Sint asperiores eius odio dicta.', 0, '2019-02-08 08:06:03', '2019-02-08 08:06:03'),
(32, 169, 'Nicole Hodkiewicz', 'Beatae accusantium accusantium perferendis autem ad. Animi asperiores nam magni officiis consequatur. Quasi tempore consequatur non nihil. Dolores qui quia culpa porro quas aut.', 2, '2019-02-08 08:06:03', '2019-02-08 08:06:03'),
(33, 86, 'Mr. Kris Maggio II', 'Quibusdam est iusto aut ducimus at. Explicabo eius quis nam ut magni illo. Alias impedit reiciendis molestiae commodi distinctio. Ut velit quia inventore ea blanditiis officiis consequatur.', 5, '2019-02-08 08:06:03', '2019-02-08 08:06:03'),
(34, 163, 'Melvin Halvorson PhD', 'Velit voluptatibus consequatur doloremque qui quae nulla. Dolor aut voluptas quis est. Autem voluptas ea ipsa aut est. Iste sed libero nulla ea quam. Dolores quis nisi quae alias.', 5, '2019-02-08 08:06:03', '2019-02-08 08:06:03'),
(35, 118, 'Carissa Lang', 'Repudiandae ut suscipit facere. Ut itaque facere repellat ipsa eligendi. Et numquam est debitis possimus qui repellendus et. Omnis incidunt non esse doloremque quam culpa sapiente.', 4, '2019-02-08 08:06:03', '2019-02-08 08:06:03'),
(36, 38, 'Icie Padberg', 'At atque qui ducimus porro sit ratione provident. Dolorem magni similique esse atque hic cum reiciendis. Dicta quasi voluptas veritatis quisquam omnis qui.', 5, '2019-02-08 08:06:03', '2019-02-08 08:06:03'),
(37, 30, 'Florence Rau', 'Dolorum voluptatem voluptatem eum dolores delectus. Ab amet eligendi quia sapiente commodi. Quia magnam voluptas facere et nihil quis. Modi repellendus id odit quia eaque quam.', 4, '2019-02-08 08:06:04', '2019-02-08 08:06:04'),
(38, 74, 'Dr. Erick Strosin IV', 'Nihil ut deserunt doloribus et exercitationem neque ea. Possimus et ipsam omnis enim enim consequatur quisquam ex. Minus itaque minus est dolorem ut in recusandae. Vel omnis magnam dignissimos id ut sed quod.', 0, '2019-02-08 08:06:04', '2019-02-08 08:06:04'),
(39, 91, 'Elian Ernser', 'Rerum provident consectetur aut officia dignissimos voluptas veritatis voluptas. Aperiam quam nisi quas in neque. Quam facilis ut voluptatum et deserunt soluta unde.', 0, '2019-02-08 08:06:04', '2019-02-08 08:06:04'),
(40, 67, 'Mr. Pierre Stokes DDS', 'Accusantium distinctio sed consequuntur distinctio distinctio. Laboriosam quia atque voluptatum quae quod et libero. Quia vero in atque nihil est ut. Error veritatis non consequatur rerum incidunt. Nulla quos assumenda dolorem non quisquam quidem eum.', 0, '2019-02-08 08:06:04', '2019-02-08 08:06:04'),
(41, 166, 'Dr. Karl Howe Jr.', 'Ex doloremque non expedita illo est blanditiis. Eveniet ut odio inventore ipsum error earum voluptate rerum. Reiciendis ullam quis ut.', 2, '2019-02-08 08:06:04', '2019-02-08 08:06:04'),
(42, 45, 'Rae Schaden', 'Quod inventore dolor commodi aspernatur reiciendis veritatis. Velit similique omnis esse ducimus nam accusamus. Consectetur nobis omnis et voluptas illum vero voluptatibus. Repellendus dolor vitae sunt in et sint et.', 5, '2019-02-08 08:06:04', '2019-02-08 08:06:04'),
(43, 66, 'Mr. Ola Ondricka Sr.', 'Repudiandae eos est quo qui aut. Molestiae autem illum laudantium debitis quisquam. Dolore consequatur omnis praesentium aperiam exercitationem voluptatibus.', 3, '2019-02-08 08:06:04', '2019-02-08 08:06:04'),
(44, 48, 'Mr. Gage Langworth DVM', 'Soluta libero quas laborum architecto tempore fugiat sit iusto. Nesciunt inventore qui qui tenetur voluptas. Id id laboriosam earum atque.', 4, '2019-02-08 08:06:04', '2019-02-08 08:06:04'),
(45, 186, 'Taya Rogahn', 'Totam quia quibusdam aperiam laudantium. Aut saepe omnis doloribus iste sunt. Facilis consectetur nihil quidem nostrum sed voluptatem cumque quis. Eum voluptatum ipsam debitis neque non.', 1, '2019-02-08 08:06:04', '2019-02-08 08:06:04'),
(46, 111, 'Janice Lehner', 'Quae voluptate libero ea. Aut quasi et quo sequi sunt. Vitae quos deserunt est quia nesciunt dolorum. Eos occaecati odio qui pariatur similique illo.', 4, '2019-02-08 08:06:04', '2019-02-08 08:06:04'),
(47, 157, 'Miss Marisol Kirlin', 'Hic tempore nesciunt est. Maiores harum enim illo sed in ipsum. Veniam fugiat optio esse nisi. Velit voluptatem ipsam blanditiis eos perferendis.', 0, '2019-02-08 08:06:04', '2019-02-08 08:06:04'),
(48, 90, 'Lucy Sporer Sr.', 'Fugit aliquid voluptatem quia ut molestias sit excepturi rem. Ut voluptatem repellendus delectus qui. Aut natus perspiciatis laudantium ea. Non libero doloremque saepe similique ut minima nisi repudiandae.', 5, '2019-02-08 08:06:04', '2019-02-08 08:06:04'),
(49, 28, 'Hans Franecki', 'Doloribus voluptate ipsum laborum natus aut. Blanditiis est soluta exercitationem illum. Perferendis assumenda dolor exercitationem nisi voluptas. Voluptas fugiat pariatur eum ducimus.', 2, '2019-02-08 08:06:04', '2019-02-08 08:06:04'),
(50, 190, 'Dr. Frances Fisher Sr.', 'Aut voluptatem perferendis quia ad amet fugit unde odit. Pariatur repellendus aliquid iure et ipsam illum veniam. Assumenda velit ex sit a voluptas.', 3, '2019-02-08 08:06:04', '2019-02-08 08:06:04'),
(51, 168, 'Bruce Fadel', 'In corporis similique sint quia. Quis adipisci repellat minus tempora quis distinctio consectetur. Itaque quo eius earum in qui iste. Illo consequuntur error maiores omnis sint sed.', 5, '2019-02-08 08:06:04', '2019-02-08 08:06:04'),
(52, 148, 'Dr. Jessie Stark', 'Et consectetur consequatur dolor et nostrum nihil ut. Ut sapiente quia iste necessitatibus rerum ex.', 2, '2019-02-08 08:06:04', '2019-02-08 08:06:04'),
(53, 172, 'Aimee Hessel', 'Accusantium odit hic odit nihil. Sed magnam vitae doloremque et alias natus vero. Rerum recusandae velit ad reprehenderit.', 4, '2019-02-08 08:06:04', '2019-02-08 08:06:04'),
(54, 96, 'Lea Wolf', 'Ipsum amet eos quisquam quia. Quos aliquid consequatur aut qui molestiae blanditiis aliquam. Quia nemo recusandae dolorem soluta sunt possimus. Voluptatibus placeat saepe delectus.', 3, '2019-02-08 08:06:04', '2019-02-08 08:06:04'),
(55, 165, 'Shanny Stiedemann', 'Perspiciatis exercitationem et vero omnis vel placeat unde adipisci. Perferendis reiciendis atque natus consectetur porro rerum eligendi. Aut delectus et aperiam nobis.', 3, '2019-02-08 08:06:04', '2019-02-08 08:06:04'),
(56, 138, 'Ms. Hanna Bashirian', 'Non ut tempore mollitia vel officia ut. Deserunt dolores nostrum asperiores veniam laboriosam vel. Ad voluptatibus dicta cum distinctio.', 3, '2019-02-08 08:06:04', '2019-02-08 08:06:04'),
(57, 160, 'Salvatore Olson', 'Amet cumque inventore amet veniam. Asperiores ex numquam quia incidunt in fuga voluptatem. Veritatis qui vel voluptates quam necessitatibus.', 5, '2019-02-08 08:06:04', '2019-02-08 08:06:04'),
(58, 19, 'Dr. Imani Rempel', 'Fugiat eaque itaque est suscipit. Itaque expedita dolores rerum eos et consequatur est quaerat. Eum voluptatibus et animi odio qui. Cum cumque magnam iure et.', 0, '2019-02-08 08:06:04', '2019-02-08 08:06:04'),
(59, 180, 'Itzel Gislason', 'Ipsam quas dolores nemo nobis. Rerum consectetur molestiae eos ad est officia. Sed quis commodi vero. Tenetur architecto accusamus sed.', 0, '2019-02-08 08:06:05', '2019-02-08 08:06:05'),
(60, 70, 'Freda Pfannerstill II', 'Et quia et sit quasi. Et tenetur nam amet itaque ut praesentium et. Et et qui doloribus non voluptatem minima.', 5, '2019-02-08 08:06:05', '2019-02-08 08:06:05'),
(61, 40, 'Kaylie White', 'Omnis et delectus id aut in. Beatae id exercitationem eos illum. Voluptatem reiciendis voluptatem quae nemo consequatur ut. Possimus sint illum animi aspernatur eos maxime. Expedita ut similique est consequatur.', 3, '2019-02-08 08:06:05', '2019-02-08 08:06:05'),
(62, 142, 'Madeline McLaughlin', 'Dolore sint molestiae tempore exercitationem quia vero. Tempore asperiores labore accusamus. Similique voluptas ad aliquam magni nam.', 2, '2019-02-08 08:06:05', '2019-02-08 08:06:05'),
(63, 48, 'Tess Nitzsche', 'Cum alias laborum quo debitis beatae voluptatem. Rerum libero amet asperiores neque. Iure atque animi eius rerum nihil ut. Beatae neque illo eum eligendi fugit.', 5, '2019-02-08 08:06:05', '2019-02-08 08:06:05'),
(64, 120, 'Rosalyn Bauch', 'Consequatur fugit ducimus voluptas magni esse iusto quis qui. Aliquid aut architecto autem. Nostrum aspernatur totam commodi voluptas deleniti.', 2, '2019-02-08 08:06:05', '2019-02-08 08:06:05'),
(65, 21, 'Eleazar Wolf', 'Officia eum cum est eum corporis adipisci itaque consectetur. Quia fugiat fuga minus labore et laborum consectetur. Rerum officiis corrupti voluptate dolorem dolore veritatis.', 1, '2019-02-08 08:06:05', '2019-02-08 08:06:05'),
(66, 91, 'Ana Olson', 'Perferendis eos voluptas iusto non nulla mollitia enim. Sit minima et et ut saepe. Omnis facilis odit quia dignissimos velit eos. Sit veniam harum quia veniam commodi.', 5, '2019-02-08 08:06:05', '2019-02-08 08:06:05'),
(67, 179, 'Prof. Tracey Dicki DDS', 'Quod deleniti voluptas perferendis sed. Perferendis placeat quo a voluptatem natus expedita minima. Ad quia et magni a provident. Culpa consequatur eos ratione enim maiores. Cum fuga sequi distinctio facilis a numquam recusandae sed.', 4, '2019-02-08 08:06:05', '2019-02-08 08:06:05'),
(68, 1, 'Stanley Schmitt DVM', 'Repudiandae et nihil omnis velit officia. Sint enim in eaque maxime.', 1, '2019-02-08 08:06:05', '2019-02-08 08:06:05'),
(69, 49, 'Sammie Ritchie', 'Quod aut sed ullam cumque explicabo illo. Sed non omnis blanditiis. Ea explicabo nostrum vitae.', 5, '2019-02-08 08:06:05', '2019-02-08 08:06:05'),
(70, 182, 'Graciela Jaskolski', 'Ut exercitationem voluptatibus quia nisi occaecati. Modi aut est corporis blanditiis. Quaerat consequatur vero dolore fuga aut. Ipsum in maxime voluptatibus voluptates voluptas reiciendis.', 2, '2019-02-08 08:06:05', '2019-02-08 08:06:05'),
(71, 139, 'Natalie Parker', 'Ut dicta id rerum tempore eos voluptas porro. Fugit illo aliquid est molestiae veniam. Nulla ducimus quam ut repellat ex vitae laudantium. Magnam enim sit sed necessitatibus omnis aperiam id. Soluta et ratione recusandae ad recusandae ut nostrum.', 1, '2019-02-08 08:06:05', '2019-02-08 08:06:05'),
(72, 57, 'Rosemarie Larson', 'Sunt quasi repellat voluptates est eveniet. Consequatur in et dolor aut quidem earum. Nam aliquid nam nostrum debitis similique nisi voluptatem ducimus. Nobis asperiores exercitationem aut possimus quod consequatur quis sequi.', 3, '2019-02-08 08:06:05', '2019-02-08 08:06:05'),
(73, 148, 'Jairo Mitchell', 'Beatae blanditiis recusandae deserunt quo fugit eveniet. Est omnis aut rerum nihil qui tempore quam. Temporibus earum aliquid fuga autem eos est est.', 3, '2019-02-08 08:06:05', '2019-02-08 08:06:05'),
(74, 63, 'Dr. Calista Hayes', 'Aut ratione cupiditate deserunt aspernatur at necessitatibus sit. Nemo maxime in totam omnis aut facere. Nihil provident libero saepe explicabo necessitatibus ut sit. Blanditiis mollitia repudiandae quo deleniti eum nisi.', 1, '2019-02-08 08:06:05', '2019-02-08 08:06:05'),
(75, 112, 'Bertrand O\'Hara', 'Expedita nihil id omnis quae natus enim ab voluptas. Eius molestiae minima omnis est eveniet repellat. Quidem inventore nam assumenda quae molestias veritatis blanditiis.', 0, '2019-02-08 08:06:05', '2019-02-08 08:06:05'),
(76, 86, 'Antonia Jacobs', 'Molestiae voluptates quod omnis deserunt. Eaque blanditiis officiis id dolores culpa. Laborum consequatur dolores sunt quibusdam. Vitae maiores autem enim dolorem. Qui molestias qui ipsam doloribus ipsam.', 5, '2019-02-08 08:06:05', '2019-02-08 08:06:05'),
(77, 159, 'Prof. Julien Kris', 'Assumenda id deserunt quia accusantium velit pariatur. Ratione neque fugit reiciendis earum qui illo. Perspiciatis tempore dolor facere laudantium dicta quam. Ut fuga voluptate impedit veniam quia. Blanditiis praesentium ab voluptates sed.', 4, '2019-02-08 08:06:05', '2019-02-08 08:06:05'),
(78, 151, 'Dr. Arnoldo Hill Sr.', 'Autem mollitia nihil deleniti. Voluptate sed consequatur culpa architecto magni assumenda excepturi quaerat. Cumque qui quas quod voluptatibus. Autem eum est repellendus et.', 4, '2019-02-08 08:06:05', '2019-02-08 08:06:05'),
(79, 64, 'Mr. Brant Keebler IV', 'Est similique nulla quis et ut velit saepe dolores. Excepturi ea molestias unde. Excepturi dolorum voluptatum aut nam dolor.', 1, '2019-02-08 08:06:05', '2019-02-08 08:06:05'),
(80, 78, 'Francesco Upton', 'Sed molestiae corrupti earum libero. Laudantium ipsum est optio.', 1, '2019-02-08 08:06:05', '2019-02-08 08:06:05'),
(81, 167, 'Jaylin Sanford', 'Repellendus non qui nisi eligendi. Eum praesentium eaque autem omnis excepturi.', 2, '2019-02-08 08:06:05', '2019-02-08 08:06:05'),
(82, 136, 'Sheldon Bergstrom V', 'Omnis voluptas omnis eos iste. Quibusdam tempora aliquam natus quibusdam soluta eum ad. Aut ullam dolorum et possimus maiores. Nihil reiciendis quia eum earum.', 0, '2019-02-08 08:06:06', '2019-02-08 08:06:06'),
(83, 95, 'Dr. Brant Welch', 'Asperiores voluptates doloremque libero ut. Quibusdam eveniet consectetur officia impedit commodi eaque. Qui ut aut deserunt eaque deleniti dolor quae. Cum quasi reprehenderit aut ipsum quia sint rerum.', 4, '2019-02-08 08:06:06', '2019-02-08 08:06:06'),
(84, 24, 'Dr. Dallin Schamberger IV', 'In dolor rerum qui quasi dolor maiores. Ratione veniam quaerat dolore eius voluptate nostrum vitae qui. Consequuntur quibusdam culpa numquam non. Nisi accusamus fugiat est et quasi.', 0, '2019-02-08 08:06:06', '2019-02-08 08:06:06'),
(85, 145, 'Jordane Legros', 'Accusantium exercitationem enim ex architecto. Aut laboriosam incidunt libero dolorum deleniti qui non. Qui aut aperiam sed dolor.', 1, '2019-02-08 08:06:06', '2019-02-08 08:06:06'),
(86, 160, 'Lisandro Harris', 'Sit laboriosam doloribus maxime nulla ipsa ipsa pariatur. Aliquid delectus saepe vel dolore et id. Minima sed magnam sequi itaque quas eveniet ab iste. In inventore eum nobis.', 3, '2019-02-08 08:06:06', '2019-02-08 08:06:06'),
(87, 168, 'Jermey Gusikowski', 'Et dolor ut non. Eligendi facilis sed aliquid quo quo accusamus quod. Voluptatem voluptatem molestiae iure sint corporis. Aspernatur vitae necessitatibus neque qui.', 5, '2019-02-08 08:06:06', '2019-02-08 08:06:06'),
(88, 137, 'Karlie Baumbach', 'Occaecati adipisci inventore fugit ducimus hic dolores. Laborum blanditiis voluptatum ea ut quo facilis. Reprehenderit consequatur ut officia voluptatem animi nihil.', 0, '2019-02-08 08:06:06', '2019-02-08 08:06:06'),
(89, 144, 'Karl Stoltenberg', 'At molestias sit inventore nemo qui harum deleniti. Sapiente ratione distinctio sint fuga perferendis. Reiciendis deserunt dolor vitae nisi.', 3, '2019-02-08 08:06:06', '2019-02-08 08:06:06'),
(90, 198, 'Ms. Loma Wiza', 'Et vel deleniti ut optio qui ea quia. Ut sit vel quod iusto. Tempore voluptas culpa quaerat quia est. Deleniti autem est numquam voluptate.', 0, '2019-02-08 08:06:06', '2019-02-08 08:06:06'),
(91, 149, 'Fred Greenfelder', 'Sit doloribus praesentium in omnis nobis. Ratione et rerum explicabo cum consequatur. Suscipit voluptatem reprehenderit autem voluptatem odio omnis.', 0, '2019-02-08 08:06:06', '2019-02-08 08:06:06'),
(92, 167, 'Oswaldo Streich', 'Aliquid quam quos omnis unde qui libero aut. Sit eum totam sit.', 2, '2019-02-08 08:06:06', '2019-02-08 08:06:06'),
(93, 191, 'Karina Gerlach', 'Temporibus possimus delectus quaerat magni delectus. Qui commodi amet et amet error. Modi veritatis fugiat ut ut recusandae blanditiis.', 2, '2019-02-08 08:06:06', '2019-02-08 08:06:06'),
(94, 177, 'Mrs. Salma Brekke DVM', 'Beatae distinctio perferendis dolore quia provident. Non consequuntur hic dolorem est eum voluptate.', 1, '2019-02-08 08:06:06', '2019-02-08 08:06:06'),
(95, 51, 'Prof. Harold DuBuque', 'Ut ut deleniti et itaque sed. Enim sit ipsam nihil laborum soluta. Molestiae nisi et dolor. Aut aperiam hic quam sint repellendus aspernatur sunt.', 1, '2019-02-08 08:06:06', '2019-02-08 08:06:06'),
(96, 6, 'Marcia Trantow', 'Dolorem autem facilis ea qui sed. Molestiae occaecati eaque consequatur magnam. Fugit sit aut nesciunt accusantium occaecati.', 0, '2019-02-08 08:06:06', '2019-02-08 08:06:06'),
(97, 103, 'Malcolm Senger', 'Soluta velit itaque amet id nobis. Consequatur maxime voluptatem maxime dignissimos qui delectus.', 5, '2019-02-08 08:06:06', '2019-02-08 08:06:06'),
(98, 29, 'Ms. Jeanne Mitchell II', 'Porro atque quis quis iste id sint. Sunt nostrum laborum nemo tempore eum. In ut totam autem corrupti. Soluta quos quis amet voluptatem sit inventore aut.', 5, '2019-02-08 08:06:06', '2019-02-08 08:06:06'),
(99, 56, 'Miss Jacynthe Gleason', 'Numquam autem nemo laborum quasi fugiat reprehenderit. Harum qui ipsa unde. Voluptas animi aut aliquam itaque eum. Fuga et illo est ea qui molestiae.', 5, '2019-02-08 08:06:06', '2019-02-08 08:06:06'),
(100, 141, 'Ofelia Rutherford', 'Ea voluptatum in ullam praesentium fugiat beatae. Nesciunt nobis quasi tempore ut. Et provident cupiditate consequatur velit sit eos impedit. A deserunt maxime sint occaecati.', 1, '2019-02-08 08:06:06', '2019-02-08 08:06:06'),
(101, 82, 'Amari Jenkins', 'Aliquid non esse aut error cumque et. Laudantium animi cupiditate consequatur tempore.', 2, '2019-02-08 08:06:06', '2019-02-08 08:06:06'),
(102, 92, 'Izabella Ortiz V', 'Doloremque autem dolor harum unde. Aliquid atque sequi necessitatibus nam eum. Nihil soluta quam veniam aut.', 3, '2019-02-08 08:06:06', '2019-02-08 08:06:06'),
(103, 6, 'Archibald Schaefer', 'Voluptatem omnis dolor magni deleniti aut. Tenetur natus nobis eius eius quo. Ut modi molestiae quibusdam accusamus aut velit et.', 2, '2019-02-08 08:06:06', '2019-02-08 08:06:06'),
(104, 146, 'Prudence Bashirian', 'Itaque est labore laborum aperiam. Ut cumque aut dolor nostrum aut minus. Assumenda voluptas consequatur officiis minima nisi. Tempore unde veniam velit quia enim.', 2, '2019-02-08 08:06:07', '2019-02-08 08:06:07'),
(105, 165, 'Serena Macejkovic', 'Quasi aut harum aliquid perferendis sed ad iste. Rerum quis vitae non deleniti. Vitae qui odit repellat nesciunt dolorum.', 0, '2019-02-08 08:06:07', '2019-02-08 08:06:07'),
(106, 100, 'Prof. Mary Cormier DVM', 'Praesentium deserunt consequatur voluptas voluptatibus et. Sunt qui odio deleniti ut temporibus. Omnis praesentium dolores voluptatum necessitatibus et laborum consequatur sit. Reprehenderit velit autem voluptate maxime ut omnis dolorum. Eius error architecto et recusandae sapiente corporis.', 3, '2019-02-08 08:06:07', '2019-02-08 08:06:07'),
(107, 23, 'Princess Murphy', 'Et illo quam asperiores dolores molestiae consequatur. Velit quasi placeat qui quas. Debitis distinctio voluptatem deleniti veritatis voluptatem iure voluptates.', 1, '2019-02-08 08:06:07', '2019-02-08 08:06:07'),
(108, 132, 'London Cremin', 'Ut sit voluptas in. Odit est ipsam dicta ut officiis alias ullam. Quia quia voluptatem veniam sint non doloribus.', 3, '2019-02-08 08:06:07', '2019-02-08 08:06:07'),
(109, 169, 'Alexane Mertz', 'Aspernatur iste nihil nihil ducimus aliquam et aliquam quod. Voluptate id nemo vitae aut quibusdam illo. Similique occaecati iste aut qui eum. Nobis necessitatibus maxime neque qui velit sunt.', 3, '2019-02-08 08:06:07', '2019-02-08 08:06:07'),
(110, 108, 'Casper Conn', 'Amet qui dolorem eum quia. Non vel quia adipisci dolore. Nihil atque dolorem autem rerum quae expedita.', 1, '2019-02-08 08:06:07', '2019-02-08 08:06:07'),
(111, 36, 'Margret Funk', 'Tempore amet alias quia. Sed id est corrupti sequi vero. Autem debitis magnam necessitatibus quisquam.', 5, '2019-02-08 08:06:07', '2019-02-08 08:06:07'),
(112, 111, 'Mr. Cleo Runolfsdottir', 'Quia rerum fugit vel ut ex quis laudantium et. Distinctio provident tenetur quidem a vel esse facilis. Omnis et molestiae aliquam sint architecto debitis quo.', 5, '2019-02-08 08:06:07', '2019-02-08 08:06:07'),
(113, 95, 'Nickolas Morar', 'Reprehenderit saepe id nostrum nihil laboriosam nesciunt natus. Et veniam est consequatur tenetur dolorem aliquam. Eos illum consectetur non maxime eveniet. Sequi et et ad mollitia repellat dolor beatae.', 5, '2019-02-08 08:06:07', '2019-02-08 08:06:07'),
(114, 66, 'Giovanna Crooks', 'Quaerat atque ea illo culpa molestiae qui quibusdam. Inventore consequuntur aut ipsam cupiditate minima consequatur repudiandae accusantium. Ipsam minus voluptas ut. Accusamus dolorum aut sit vero ipsum qui earum nihil.', 3, '2019-02-08 08:06:07', '2019-02-08 08:06:07'),
(115, 4, 'Marina Quitzon', 'Voluptas assumenda ea distinctio. Ut possimus dolorem consectetur earum. Qui adipisci sunt facilis exercitationem voluptatibus voluptatem esse. Blanditiis voluptate mollitia et blanditiis laudantium.', 1, '2019-02-08 08:06:07', '2019-02-08 08:06:07'),
(116, 149, 'Ursula Ortiz DDS', 'Accusamus est dicta est accusantium voluptatum. Ut neque expedita voluptatibus quam. Quaerat saepe hic est eum dolor et.', 3, '2019-02-08 08:06:07', '2019-02-08 08:06:07'),
(117, 19, 'Miss Kristy Zboncak PhD', 'Explicabo voluptatem sunt ipsum ut porro porro saepe. Eligendi id laudantium iure aliquam et qui. Atque et a quae odit ab amet. Dolores quis enim alias expedita. Vel non quam et qui eum.', 4, '2019-02-08 08:06:07', '2019-02-08 08:06:07'),
(118, 6, 'Myrtice Eichmann', 'Ut vel qui ut rerum omnis eius. Debitis adipisci repudiandae ut sit. Ullam animi aut sunt sed. Vero dolores fugiat dolor natus.', 4, '2019-02-08 08:06:07', '2019-02-08 08:06:07'),
(119, 103, 'Shaina Cummerata', 'Deleniti aspernatur distinctio in possimus inventore nam commodi. Commodi eligendi est maxime voluptas. Harum qui fugiat voluptates et. Quas earum laborum sunt et repellendus suscipit aut.', 3, '2019-02-08 08:06:07', '2019-02-08 08:06:07'),
(120, 114, 'Prof. Nicholaus Price IV', 'Ut ut neque sunt consequatur cupiditate dolores debitis. Et quidem ullam porro dolorem nobis. Quidem dolores enim saepe suscipit modi.', 3, '2019-02-08 08:06:07', '2019-02-08 08:06:07'),
(121, 134, 'Sage Lebsack III', 'Sunt sequi dolor laboriosam quia magnam repellendus inventore. Id autem nam quidem expedita. Sapiente accusamus aut et tempore. Non incidunt neque et ut quo fuga expedita. Qui omnis corrupti id quasi ipsum.', 5, '2019-02-08 08:06:07', '2019-02-08 08:06:07'),
(122, 68, 'Melba Aufderhar', 'Quia laboriosam omnis ducimus deleniti vitae vel at. Qui velit explicabo libero voluptatem eum. Rem ut commodi omnis.', 0, '2019-02-08 08:06:07', '2019-02-08 08:06:07'),
(123, 102, 'Winston Abbott', 'Quos omnis sint ipsam error incidunt assumenda. Et et voluptates est culpa maxime laboriosam sequi.', 4, '2019-02-08 08:06:07', '2019-02-08 08:06:07'),
(124, 17, 'Moriah Wintheiser', 'Neque explicabo est corrupti est eveniet repellat eum. Eveniet dolorem quidem rerum tempora beatae. Et ut repudiandae esse qui repudiandae consequatur repellendus.', 2, '2019-02-08 08:06:07', '2019-02-08 08:06:07'),
(125, 187, 'Rex Denesik', 'Eos suscipit ea fugiat eligendi qui qui non ipsa. Praesentium eveniet aut tempora tempore esse. Voluptatem est numquam voluptatem sequi quae. Quam impedit vel voluptatem pariatur.', 2, '2019-02-08 08:06:07', '2019-02-08 08:06:07'),
(126, 164, 'Dr. Elody Hodkiewicz MD', 'Nostrum cumque ipsam exercitationem nemo occaecati et similique saepe. Delectus ex et aut sed unde. Eum voluptatibus culpa est odit autem nobis quas iure.', 4, '2019-02-08 08:06:08', '2019-02-08 08:06:08'),
(127, 111, 'Dr. Jan Dach DDS', 'Nisi rerum sequi esse asperiores fugit illo. Sint temporibus eveniet inventore cum blanditiis occaecati quo. Officiis dolorem eius eligendi ab. Nostrum facilis aut alias eos et culpa qui quo.', 2, '2019-02-08 08:06:08', '2019-02-08 08:06:08'),
(128, 153, 'Russell Becker', 'Consequuntur laudantium numquam natus et magni laborum soluta unde. Voluptatibus et voluptas sit. Aut tenetur quia sed voluptas occaecati quod non.', 5, '2019-02-08 08:06:08', '2019-02-08 08:06:08'),
(129, 83, 'Polly Barrows', 'Nulla consequatur labore alias ut magnam. Sunt voluptatibus delectus quos. Similique et reprehenderit dolor et architecto.', 0, '2019-02-08 08:06:08', '2019-02-08 08:06:08'),
(130, 147, 'Grace Hermann', 'Accusamus eum asperiores exercitationem autem magni. Nulla velit ducimus et architecto.', 5, '2019-02-08 08:06:08', '2019-02-08 08:06:08'),
(131, 175, 'Mrs. Elisabeth Morissette DDS', 'Odit similique quae velit est id ipsum. Aut ad quae sunt et quia enim eveniet. Iure debitis animi et blanditiis. Consequatur dolorem blanditiis reiciendis facilis assumenda fuga et.', 0, '2019-02-08 08:06:08', '2019-02-08 08:06:08'),
(132, 142, 'Wilhelmine Waters', 'Qui eos consectetur sunt est iste. Vel nisi aut nulla tenetur et quia. Ea eum nulla adipisci rem qui sed temporibus.', 5, '2019-02-08 08:06:08', '2019-02-08 08:06:08'),
(133, 131, 'Alejandrin McDermott', 'Voluptates et quam eveniet consequatur ipsam nesciunt. Omnis accusamus dicta quia atque voluptatum debitis voluptatibus. Saepe in alias facilis sint voluptatibus dolorem. Dolor alias molestiae reprehenderit assumenda.', 4, '2019-02-08 08:06:08', '2019-02-08 08:06:08'),
(134, 78, 'William Watsica', 'Suscipit eveniet atque ut exercitationem sapiente aperiam. Alias reprehenderit magni facere cum maiores ad consequatur nemo. Consequuntur a assumenda soluta et.', 4, '2019-02-08 08:06:08', '2019-02-08 08:06:08'),
(135, 7, 'Zetta Little', 'Assumenda et esse sed earum. Hic voluptatum facere similique. Modi in tempora assumenda quis dolorem. Mollitia veniam quis est praesentium autem recusandae.', 5, '2019-02-08 08:06:08', '2019-02-08 08:06:08'),
(136, 111, 'Dr. Celestino Sipes Sr.', 'Culpa at rerum illo voluptatum quisquam reiciendis omnis. Vel cum iure eos neque est. Rerum nam fugit mollitia quibusdam qui. Impedit tempora vel libero nam neque et et.', 1, '2019-02-08 08:06:08', '2019-02-08 08:06:08'),
(137, 146, 'Mr. Osborne Wiegand V', 'Totam ullam quaerat totam. Impedit facere dolores deleniti et inventore. Dolore enim accusantium sed omnis nihil rem.', 3, '2019-02-08 08:06:08', '2019-02-08 08:06:08'),
(138, 60, 'Electa Hudson', 'Sed a tenetur consequuntur officia dolor veritatis. Debitis consequatur id qui sequi consequatur. Asperiores voluptas quisquam omnis quos in earum est.', 0, '2019-02-08 08:06:08', '2019-02-08 08:06:08'),
(139, 194, 'Mr. Bernie Stamm IV', 'Natus laboriosam omnis natus ipsam magnam. Qui sed quasi impedit sunt quia voluptas autem. Neque quis illum non et corrupti quis.', 4, '2019-02-08 08:06:08', '2019-02-08 08:06:08'),
(140, 129, 'Francesco Wintheiser', 'Enim expedita occaecati minus maiores ipsa molestias. Quod et commodi ad facilis eum minus autem earum. Commodi quia et sequi.', 0, '2019-02-08 08:06:08', '2019-02-08 08:06:08'),
(141, 49, 'Arnaldo Brakus', 'Et optio eaque et repellat. Animi ipsam aut vitae beatae aut est sunt. Aut velit architecto accusantium quidem sed optio ullam.', 4, '2019-02-08 08:06:08', '2019-02-08 08:06:08'),
(142, 121, 'Jermaine Zieme', 'A consequatur quisquam quia natus distinctio voluptates delectus. Veritatis molestiae qui animi quam laudantium optio. Et ipsa consequatur quo eius. Quibusdam ut facere quis alias omnis esse dolorem.', 1, '2019-02-08 08:06:08', '2019-02-08 08:06:08'),
(143, 27, 'Alexis Ryan', 'Aperiam optio harum distinctio non maiores. Ratione sed asperiores porro sit. Sed tenetur qui id placeat harum aut. Sit harum minima qui nihil distinctio cupiditate est.', 5, '2019-02-08 08:06:08', '2019-02-08 08:06:08'),
(144, 32, 'Wade Johnson II', 'Iure quo repudiandae cupiditate illo quod quo. Qui accusamus nesciunt unde fugiat alias porro. Nisi quia maiores sed occaecati officia distinctio.', 0, '2019-02-08 08:06:08', '2019-02-08 08:06:08'),
(145, 30, 'Aletha Hodkiewicz Jr.', 'Provident omnis rerum est exercitationem facere placeat. Sed quibusdam aut ipsam. Et saepe voluptatem nam ipsam enim. Quod ab nisi ea omnis.', 5, '2019-02-08 08:06:08', '2019-02-08 08:06:08'),
(146, 165, 'Bernadette Ankunding', 'Rerum quia quo aut molestiae. Quasi dolor tempora ex omnis. Molestias ipsum veniam quia voluptatem tempore.', 5, '2019-02-08 08:06:08', '2019-02-08 08:06:08'),
(147, 166, 'Leopold Grant', 'Reprehenderit dolorem modi voluptatem voluptates necessitatibus consequatur quos. Perspiciatis id ut esse consequuntur est veniam est. Ea porro dolor ab.', 1, '2019-02-08 08:06:08', '2019-02-08 08:06:08'),
(148, 135, 'Laverna Haley', 'Labore dolorum qui quia voluptatem officiis doloremque totam. Blanditiis laborum laudantium corrupti. Consequuntur sunt occaecati voluptatem perferendis voluptates ut quo.', 3, '2019-02-08 08:06:09', '2019-02-08 08:06:09'),
(149, 91, 'Malika Goodwin', 'Quia doloremque exercitationem minima iure quidem necessitatibus. Quia doloribus qui repellendus ut et ut consequatur. Amet expedita culpa suscipit.', 0, '2019-02-08 08:06:09', '2019-02-08 08:06:09'),
(150, 31, 'Mr. August Bernier', 'Quo magnam tempora quisquam et. Et veniam maxime reiciendis nesciunt tempore. Itaque tempora quod id laboriosam porro molestiae. Vero iure sint et nostrum ipsa qui.', 5, '2019-02-08 08:06:09', '2019-02-08 08:06:09'),
(151, 103, 'Isom Kreiger', 'Non voluptas vel laborum qui minus earum sit. Ullam quidem sunt unde alias. Rerum officia atque vero molestiae est nihil.', 4, '2019-02-08 08:06:09', '2019-02-08 08:06:09'),
(152, 89, 'Berniece Fritsch', 'Assumenda libero sunt consequatur quibusdam facilis nisi ab. At autem quia error quisquam.', 5, '2019-02-08 08:06:09', '2019-02-08 08:06:09'),
(153, 37, 'Roel Hand', 'Qui ut adipisci ut amet maiores possimus. Et molestiae veritatis et illum et tempore. Suscipit necessitatibus totam nemo quis omnis inventore. Magnam esse consectetur pariatur velit.', 5, '2019-02-08 08:06:09', '2019-02-08 08:06:09'),
(154, 43, 'Malcolm Kshlerin', 'Repellendus facere minus impedit sit deserunt inventore fuga. Totam et aut fuga dignissimos nam. Laboriosam consequatur vel voluptatibus sequi nesciunt qui perspiciatis. Mollitia maxime distinctio incidunt nostrum.', 2, '2019-02-08 08:06:09', '2019-02-08 08:06:09'),
(155, 139, 'Dr. Elisa Batz', 'Accusantium quam aliquam ut quas. Sunt ullam a delectus doloribus omnis qui aspernatur dolore. Enim consequuntur nemo quibusdam aperiam ex repellendus.', 0, '2019-02-08 08:06:09', '2019-02-08 08:06:09'),
(156, 41, 'Evans Rogahn', 'Beatae libero molestias quia error eum. Corporis nemo distinctio consequatur est ab maxime repudiandae. Cupiditate sit molestiae labore ullam repudiandae fuga.', 3, '2019-02-08 08:06:09', '2019-02-08 08:06:09'),
(157, 73, 'Brock Huel', 'Repellat sed ipsam distinctio harum ullam ullam ut commodi. Hic et aut non provident aut. Repellendus amet architecto est velit a nemo minima.', 1, '2019-02-08 08:06:09', '2019-02-08 08:06:09'),
(158, 38, 'Quincy Schumm', 'Harum maiores magnam sequi fugiat id. Ratione inventore temporibus ducimus voluptatem cumque. Praesentium eos quis quod dolorem accusantium aut. Eum est error molestiae aperiam est quo dolores voluptas.', 1, '2019-02-08 08:06:09', '2019-02-08 08:06:09'),
(159, 79, 'Scotty Larkin', 'Totam assumenda voluptatem aliquam. Dolor aut quaerat consequatur voluptas natus. Maxime a aut perspiciatis architecto quis doloremque. Sed deserunt consequatur asperiores libero pariatur.', 5, '2019-02-08 08:06:09', '2019-02-08 08:06:09'),
(160, 126, 'Ashton Osinski', 'Quisquam rerum ut nobis deleniti. Minima quod libero rerum tenetur laboriosam voluptate. Facilis ducimus veniam neque qui et eos. Quo repellat consequatur non culpa eaque.', 3, '2019-02-08 08:06:09', '2019-02-08 08:06:09'),
(161, 126, 'Lester Hayes', 'Accusantium dolore voluptatem autem deleniti eos asperiores voluptas neque. Tempora culpa et quo ut dolor. Quis deleniti dolore consequatur. Similique ipsa cum autem qui unde impedit officiis.', 0, '2019-02-08 08:06:09', '2019-02-08 08:06:09'),
(162, 115, 'Miss Amely Roob', 'Qui quibusdam velit sequi dolor possimus. Sequi rem quisquam blanditiis dolorem eius praesentium et.', 5, '2019-02-08 08:06:09', '2019-02-08 08:06:09'),
(163, 151, 'Dr. Esperanza Goodwin', 'Ipsam doloribus quae unde voluptatem velit debitis non. Eum possimus minus rem. Odit et totam nobis ipsa accusantium ipsam.', 2, '2019-02-08 08:06:09', '2019-02-08 08:06:09'),
(164, 198, 'Tabitha Schaden', 'Quae perferendis et rerum est minus. Velit est deleniti voluptatem nemo molestiae magni. Qui dolor ut atque sit consectetur nostrum. Ipsam maiores quos est aut.', 4, '2019-02-08 08:06:09', '2019-02-08 08:06:09'),
(165, 55, 'Eldora Heidenreich III', 'Voluptas rerum quia quos illum accusantium fugiat aut id. Dolorum accusantium aspernatur soluta adipisci. Reiciendis eos modi blanditiis ut quod ducimus. Debitis ullam et minus aut explicabo totam.', 2, '2019-02-08 08:06:09', '2019-02-08 08:06:09'),
(166, 154, 'Emmet Mueller II', 'Harum velit ab ea molestiae quo accusamus eos omnis. Excepturi nisi tempore quo voluptatibus.', 0, '2019-02-08 08:06:09', '2019-02-08 08:06:09'),
(167, 11, 'Pinkie Turner', 'Officiis est consequatur quo odio est incidunt officiis delectus. Id soluta ab eveniet qui. Quo et animi saepe minima numquam.', 0, '2019-02-08 08:06:09', '2019-02-08 08:06:09'),
(168, 190, 'Charles Kling Jr.', 'Vitae rerum dolore cum saepe libero. Fuga vel quidem consequuntur a quibusdam. Nam consequatur porro consequatur dolorem sunt dolorem sed.', 4, '2019-02-08 08:06:09', '2019-02-08 08:06:09'),
(169, 104, 'Dr. Allene Blick', 'Magni dolorem deserunt doloribus nesciunt. Id ullam voluptatem ea provident quis est accusantium. Quis sit occaecati sapiente est nostrum officia velit.', 4, '2019-02-08 08:06:09', '2019-02-08 08:06:09'),
(170, 136, 'Mrs. Maryse Jenkins DDS', 'Et doloribus praesentium veniam. Laudantium maxime eligendi autem est aut. Dolore ratione officia nesciunt consequatur occaecati aut.', 1, '2019-02-08 08:06:10', '2019-02-08 08:06:10'),
(171, 124, 'Eunice Fahey', 'Non officiis est aut ut eos et dolore. Esse laborum hic aliquid et porro iusto ut.', 2, '2019-02-08 08:06:10', '2019-02-08 08:06:10'),
(172, 120, 'Eden Bergstrom', 'Eos explicabo ea ducimus omnis. Pariatur dolore nesciunt saepe necessitatibus odio illo. Aut ipsum reprehenderit et a ut ea aut.', 1, '2019-02-08 08:06:10', '2019-02-08 08:06:10'),
(173, 6, 'Mrs. Yesenia Miller', 'Est architecto quos voluptas rerum sunt asperiores exercitationem. Officia quas maiores autem harum ad ratione ipsum qui. Dolorum deleniti corrupti quod vitae maxime vel quaerat.', 5, '2019-02-08 08:06:10', '2019-02-08 08:06:10'),
(174, 130, 'Delmer Green', 'Repellat aliquam quibusdam vel eligendi ut aliquam. Maxime hic eveniet dolorem ducimus atque harum tempore. Doloribus animi aliquam ut aspernatur. Est quam impedit provident quod impedit.', 2, '2019-02-08 08:06:10', '2019-02-08 08:06:10'),
(175, 163, 'Shyanne Frami', 'A fuga id animi quia accusamus. Quam animi sequi dolorem enim dignissimos minima inventore. Voluptatibus laboriosam vel velit eos. Illo ea cumque atque at neque.', 1, '2019-02-08 08:06:10', '2019-02-08 08:06:10'),
(176, 8, 'Jaquan Hoeger', 'Itaque est nam accusantium voluptatem minus suscipit et consectetur. Nobis et officiis iste animi. Vel dignissimos dolores excepturi sint consectetur quo. Explicabo non maxime repudiandae earum.', 2, '2019-02-08 08:06:10', '2019-02-08 08:06:10'),
(177, 26, 'Malika Veum III', 'Temporibus sunt natus quidem molestiae. Pariatur accusamus aut illo aspernatur quo dolor nesciunt possimus. Quod quia sapiente minus molestias non. Aut repellat repellat aliquid ducimus.', 1, '2019-02-08 08:06:10', '2019-02-08 08:06:10'),
(178, 195, 'Prof. Chesley Nicolas III', 'Sed incidunt eum consequuntur vel ratione dolore. Atque nulla odio voluptatem. Magni quo est ad aut nam. Repellendus consequatur qui quos. Aut adipisci est esse eligendi distinctio debitis.', 1, '2019-02-08 08:06:10', '2019-02-08 08:06:10'),
(179, 39, 'Trevor Armstrong', 'In aspernatur voluptates qui ipsa voluptatum magni amet. At quas similique illo quia quod debitis dolor quia. Tempore sunt eaque dolore earum dolore unde veniam. Delectus nihil quos tempore tempore non et deserunt omnis.', 0, '2019-02-08 08:06:10', '2019-02-08 08:06:10'),
(180, 107, 'Isabell Bogan', 'Incidunt quam odio vero et qui. Sint et ut qui et natus. Sint explicabo est voluptates quis aperiam. Dolorem consequuntur rerum maiores.', 3, '2019-02-08 08:06:10', '2019-02-08 08:06:10'),
(181, 86, 'Michelle Kuhn', 'Quis ut et id eum. Laudantium dolorum autem sint. Eaque facilis ducimus eum amet eos illum. Fugiat saepe occaecati ea.', 0, '2019-02-08 08:06:10', '2019-02-08 08:06:10'),
(182, 155, 'Prof. Nestor Grimes', 'Sapiente rerum fugit est incidunt consequuntur. Cupiditate non non rerum dolores a ut eveniet. Quia nihil reprehenderit blanditiis totam dolorem.', 1, '2019-02-08 08:06:10', '2019-02-08 08:06:10'),
(183, 90, 'Kailey Dibbert', 'Veritatis vitae non facere numquam nobis est. Nesciunt deleniti id quia sapiente occaecati eos omnis.', 5, '2019-02-08 08:06:10', '2019-02-08 08:06:10'),
(184, 65, 'Stacey Jakubowski', 'Qui tempore non temporibus atque exercitationem nisi repellendus. Voluptate assumenda blanditiis provident id. Quasi consequatur non omnis cum ut beatae fugit. Eos earum laborum libero.', 3, '2019-02-08 08:06:10', '2019-02-08 08:06:10'),
(185, 145, 'Miss Anna Wunsch IV', 'Ullam minima iste ducimus amet et libero. Perspiciatis quam animi ab totam mollitia natus. Odio quia iusto dolorem veniam pariatur totam fugit. Qui rem voluptatibus consequuntur.', 0, '2019-02-08 08:06:10', '2019-02-08 08:06:10'),
(186, 157, 'Ola Cartwright', 'Et fuga ab optio est ex. Ea blanditiis voluptate cumque optio. Est modi harum non deleniti. Quo quia nihil dolore et ratione eveniet.', 1, '2019-02-08 08:06:10', '2019-02-08 08:06:10'),
(187, 118, 'Lonzo Yundt DVM', 'Quisquam aliquid architecto blanditiis placeat autem aut. Aliquam et tempora error aut praesentium nihil eum. Voluptas corrupti vel perspiciatis ut sunt. Cupiditate eaque modi aut quis iusto.', 2, '2019-02-08 08:06:10', '2019-02-08 08:06:10'),
(188, 150, 'Miss Crystal Grimes', 'Iure dolor quia neque eaque necessitatibus et et iure. Nesciunt sit nemo sint dolor sit. Blanditiis temporibus qui reiciendis.', 4, '2019-02-08 08:06:11', '2019-02-08 08:06:11'),
(189, 25, 'Katrina Hansen', 'Et rerum et quo similique. Quia excepturi quia animi suscipit non ducimus. Voluptates minus est delectus aliquam.', 0, '2019-02-08 08:06:11', '2019-02-08 08:06:11'),
(190, 100, 'Kennedy Bruen IV', 'Rerum et quidem eius eius inventore. Aliquid possimus est molestiae repellendus voluptatibus. Cumque tempore et quisquam facilis occaecati est velit. Tempora consequuntur qui at id in magni.', 2, '2019-02-08 08:06:11', '2019-02-08 08:06:11'),
(191, 13, 'Dr. Westley Carroll IV', 'Eius laudantium mollitia praesentium ea modi quas nihil. Laborum et placeat eaque excepturi amet. Modi rerum voluptates modi et aspernatur.', 4, '2019-02-08 08:06:11', '2019-02-08 08:06:11'),
(192, 89, 'Anibal Howell', 'Voluptatem atque aperiam a unde quia rem id voluptas. Asperiores veniam minus debitis ipsa asperiores vel qui. Recusandae quas nulla enim perspiciatis dolores.', 5, '2019-02-08 08:06:11', '2019-02-08 08:06:11'),
(193, 171, 'Amelie Emmerich III', 'Laudantium laudantium ratione consequuntur ad consequuntur et. Saepe ea voluptas consequuntur inventore hic.', 3, '2019-02-08 08:06:11', '2019-02-08 08:06:11'),
(194, 148, 'Elian Greenholt', 'Praesentium fugiat voluptas voluptatem eos. Animi iusto repellendus officia nihil dignissimos. Ut rem consequatur impedit dolore sit. Numquam eveniet exercitationem natus minima itaque.', 2, '2019-02-08 08:06:11', '2019-02-08 08:06:11'),
(195, 56, 'Ms. Verona Paucek', 'Aliquam dolores autem facilis ea voluptatum consequuntur est quia. Sint porro eius vel laboriosam. Voluptates laudantium suscipit excepturi facere omnis sed explicabo.', 2, '2019-02-08 08:06:11', '2019-02-08 08:06:11'),
(196, 123, 'Shania Koepp', 'Ea mollitia occaecati aut ratione qui quaerat sed. Possimus aut id molestiae ducimus at est voluptatem. Esse quis rem error eaque sed dolores.', 3, '2019-02-08 08:06:11', '2019-02-08 08:06:11'),
(197, 14, 'Daryl Gottlieb', 'Vel doloribus ipsum cumque dignissimos non tempora. Error suscipit tempore aut ratione asperiores veniam. Earum sapiente possimus tenetur dolor corporis. Vitae error asperiores quis vel voluptates. Minima accusamus cum nemo dolorem natus ipsam.', 2, '2019-02-08 08:06:11', '2019-02-08 08:06:11'),
(198, 27, 'Marlin Roob', 'Sequi quis illo quis occaecati hic fuga placeat. Dolorem voluptas sequi nam sapiente dicta tempore omnis vero. Rerum reiciendis ipsum eveniet earum sint. Error veniam explicabo dolor expedita maxime. Sed vitae sapiente sequi autem tenetur adipisci accusantium enim.', 4, '2019-02-08 08:06:11', '2019-02-08 08:06:11'),
(199, 118, 'Dr. Joan Predovic DDS', 'In odio reprehenderit velit nobis similique enim. Eum impedit omnis facere quia sint incidunt. Repellendus exercitationem aut maiores iste ipsa. Ullam natus qui distinctio vel tempore mollitia.', 2, '2019-02-08 08:06:11', '2019-02-08 08:06:11'),
(200, 153, 'Ms. Bailee Dare', 'Reprehenderit voluptatem labore velit qui quas et qui. Magnam velit doloremque voluptatem consequatur omnis illum natus. Dolorem corporis temporibus exercitationem.', 3, '2019-02-08 08:06:11', '2019-02-08 08:06:11'),
(201, 67, 'Ms. Elisha Keeling', 'Ipsa architecto fuga et id deleniti excepturi amet. Quis cupiditate enim voluptatem. Labore ratione qui quibusdam eum iure voluptates tempore.', 0, '2019-02-08 08:06:11', '2019-02-08 08:06:11'),
(202, 69, 'Lenny Franecki II', 'Quos tempora quo cum earum sunt recusandae. Et tempore qui eveniet quibusdam. Fugit molestiae autem eaque suscipit. Aperiam ducimus eum voluptatibus voluptatem nisi.', 4, '2019-02-08 08:06:11', '2019-02-08 08:06:11'),
(203, 93, 'Americo Schultz', 'Amet minima illo impedit voluptas in amet. Aut dolor nisi vel excepturi nulla ut. Rem eos in dolorum optio culpa.', 3, '2019-02-08 08:06:11', '2019-02-08 08:06:11'),
(204, 32, 'Desiree Collier', 'Laborum non ut quo minima expedita voluptates culpa consequatur. Doloribus ducimus quia voluptas dolores repellat expedita. Vel sint minima est quis alias sed sequi sapiente. Possimus quis fuga libero in sed magnam et. Sit numquam quia ipsa dolor ad.', 3, '2019-02-08 08:06:11', '2019-02-08 08:06:11'),
(205, 166, 'Prof. Lisette Conn Sr.', 'Est ratione doloremque est ab est ipsa exercitationem. Qui adipisci harum sunt rerum. Dolor quia tempore ratione voluptatem iure.', 1, '2019-02-08 08:06:11', '2019-02-08 08:06:11'),
(206, 57, 'Gussie Kassulke', 'Non voluptatem voluptas nesciunt recusandae vero dolorem nisi. Eligendi laudantium expedita in voluptatibus nulla deleniti cum consequuntur. Veniam dolor nulla eum vitae numquam odio. Earum et ullam sequi.', 4, '2019-02-08 08:06:11', '2019-02-08 08:06:11'),
(207, 104, 'Ari Heller', 'Molestias quos maiores quia quas aut iste enim. Alias et reprehenderit tempore quas porro voluptates ex dolorum. Odio numquam inventore cumque qui corporis voluptas consequatur. Earum accusantium in fugit fugit. Nam quia et nostrum sit aut.', 1, '2019-02-08 08:06:11', '2019-02-08 08:06:11'),
(208, 192, 'Fleta Wintheiser', 'Delectus iste ea voluptatibus aspernatur aut vero. Id qui magni ullam. Ad pariatur voluptas sint facere dolor quaerat.', 1, '2019-02-08 08:06:12', '2019-02-08 08:06:12'),
(209, 144, 'Dovie Emard DVM', 'Aut quisquam omnis corrupti fuga sit. Incidunt soluta hic quis natus cumque veritatis deserunt. Aspernatur molestiae quo excepturi ut dolorem iusto.', 4, '2019-02-08 08:06:12', '2019-02-08 08:06:12');
INSERT INTO `reviews` (`id`, `product_id`, `customer`, `review`, `star`, `created_at`, `updated_at`) VALUES
(210, 98, 'Ida O\'Hara PhD', 'Fugit culpa amet laboriosam et. Quia repellendus et harum velit voluptatem et exercitationem. Et quaerat adipisci et. Excepturi rem temporibus tempora et rem.', 2, '2019-02-08 08:06:12', '2019-02-08 08:06:12'),
(211, 29, 'David Trantow', 'Odio autem non et velit eligendi veritatis expedita. Accusamus laudantium dolorum et temporibus assumenda dolore. Aut laudantium nostrum odio qui sit dolorum assumenda maiores. Magnam assumenda quaerat voluptatem est.', 3, '2019-02-08 08:06:12', '2019-02-08 08:06:12'),
(212, 61, 'Lonzo Reilly', 'Est et nihil exercitationem qui tempora est architecto. Numquam porro pariatur corporis nam. Dolores officia adipisci veniam odit. Laborum deleniti laborum ratione repudiandae omnis omnis corporis.', 5, '2019-02-08 08:06:12', '2019-02-08 08:06:12'),
(213, 67, 'Ozella Wolf I', 'Dicta est sed culpa autem ea natus. Aut omnis dolorem exercitationem at. In mollitia cupiditate aut.', 1, '2019-02-08 08:06:12', '2019-02-08 08:06:12'),
(214, 4, 'Zackery Kerluke', 'Beatae aut id est aut. Eos hic et consequuntur veniam aspernatur porro ut. Alias perferendis nemo rem qui modi consequatur ut.', 3, '2019-02-08 08:06:12', '2019-02-08 08:06:12'),
(215, 135, 'Gunnar Bradtke MD', 'Recusandae enim tempore omnis tenetur est magni. Eius expedita aut debitis non. Rerum perspiciatis architecto placeat iste aut enim at. Eum nulla nisi molestias officia laborum.', 4, '2019-02-08 08:06:12', '2019-02-08 08:06:12'),
(216, 53, 'Hallie Kessler', 'Eum molestiae sed illum id et voluptas sit. Ab illo tenetur est cupiditate molestiae. Iste et qui odit aut dolor vel. Ratione at nesciunt odit voluptates optio aliquam. Dolor optio impedit optio perferendis rem sapiente.', 3, '2019-02-08 08:06:12', '2019-02-08 08:06:12'),
(217, 107, 'Tatyana Luettgen', 'Expedita neque consequatur tempora et velit quia voluptatem. Porro enim rem recusandae nesciunt est eius nulla. Neque qui mollitia repellendus iste quis id.', 2, '2019-02-08 08:06:12', '2019-02-08 08:06:12'),
(218, 61, 'Zola Hudson', 'Iusto beatae aut occaecati ut eos. Ullam quo beatae voluptas vitae ut. Et sit voluptates eveniet nihil asperiores in.', 4, '2019-02-08 08:06:12', '2019-02-08 08:06:12'),
(219, 181, 'Alejandra Hansen', 'Repellat reprehenderit earum quam veritatis repudiandae ut sit omnis. Eum quidem rerum repudiandae at pariatur voluptatem asperiores.', 3, '2019-02-08 08:06:12', '2019-02-08 08:06:12'),
(220, 37, 'Dr. Joannie Hackett Jr.', 'Dolor ipsa et illo vel et ut quis. Dolores ipsa id ex eveniet et omnis. Sequi velit iste aut quia vero a. Laboriosam et dicta corporis.', 4, '2019-02-08 08:06:12', '2019-02-08 08:06:12'),
(221, 169, 'Mavis Mitchell', 'Deserunt dignissimos in quae dolorum nihil et aperiam. Ullam sapiente esse ut quae ipsa ut. Ipsa rerum voluptate tempora repellendus ut quasi aspernatur.', 2, '2019-02-08 08:06:12', '2019-02-08 08:06:12'),
(222, 41, 'Ms. Chanelle Runolfsdottir I', 'Voluptate iste repudiandae perferendis autem voluptas delectus dolor. Magni eum architecto ut ea voluptas incidunt. Voluptas ut porro qui culpa non. Modi rerum vitae consequatur illum suscipit dicta inventore.', 1, '2019-02-08 08:06:12', '2019-02-08 08:06:12'),
(223, 5, 'Dr. Gabrielle Torphy', 'Quis et dignissimos omnis non. Aliquid voluptate voluptas quaerat omnis asperiores sunt sequi. Eius amet voluptatem ex dolore qui. Sapiente aliquid quis laborum temporibus minima nam.', 2, '2019-02-08 08:06:12', '2019-02-08 08:06:12'),
(224, 110, 'Hassan Cartwright Sr.', 'In veritatis ea omnis vitae fugit. Aut nostrum ducimus omnis in voluptatum consequatur rerum. Alias culpa necessitatibus consequatur. Voluptate tempora ab distinctio.', 1, '2019-02-08 08:06:12', '2019-02-08 08:06:12'),
(225, 88, 'Hermina Gerlach', 'Voluptates eius totam qui tempora odio soluta vitae nemo. Saepe sequi eos pariatur debitis consequatur. Architecto nam tempore architecto aspernatur minima est itaque quod. Reiciendis est sint non id iusto porro.', 1, '2019-02-08 08:06:12', '2019-02-08 08:06:12'),
(226, 58, 'Doyle Shanahan Sr.', 'Autem vel suscipit rerum quibusdam est architecto sint. Deleniti ea omnis dolorem et corporis ad. Expedita commodi nulla quis exercitationem natus.', 1, '2019-02-08 08:06:12', '2019-02-08 08:06:12'),
(227, 109, 'Dr. Jazmyn Hackett', 'Nobis non quo error magni consequatur distinctio. Est ea ullam architecto iste quisquam. Eius et id illo aspernatur. Reiciendis sit libero et.', 2, '2019-02-08 08:06:12', '2019-02-08 08:06:12'),
(228, 6, 'Deontae Wolff', 'Blanditiis corrupti aut quia nostrum quia sint eum. Iusto qui praesentium soluta reiciendis dolor quia. Voluptatibus sapiente tenetur ipsa voluptatum a quo error. Porro quibusdam consequatur et error mollitia impedit.', 3, '2019-02-08 08:06:13', '2019-02-08 08:06:13'),
(229, 72, 'Dr. Loyce Lind', 'A quisquam aut sint occaecati ipsam. Vel eveniet sunt recusandae sed voluptatem. Et ut blanditiis voluptatum libero quo sint rerum quibusdam.', 1, '2019-02-08 08:06:13', '2019-02-08 08:06:13'),
(230, 2, 'Dulce Ward', 'Quaerat doloribus molestiae iure similique. Distinctio quisquam quae nesciunt suscipit ipsa quo. Maxime fugit repellendus quidem.', 5, '2019-02-08 08:06:13', '2019-02-08 08:06:13'),
(231, 99, 'Harrison D\'Amore', 'Quisquam quo odio est veniam. Hic facilis optio mollitia voluptatibus repellendus facilis porro consectetur. Qui in at id hic. Illum fugit cupiditate laudantium veritatis nesciunt quisquam.', 4, '2019-02-08 08:06:13', '2019-02-08 08:06:13'),
(232, 152, 'Darien Nienow I', 'Aut molestiae dignissimos quia dicta quia corrupti porro. Aliquam officia quia sapiente et eum dolorem. Earum voluptatem autem autem explicabo veritatis qui laborum qui. Fugit aut architecto modi et assumenda dolore minus.', 5, '2019-02-08 08:06:13', '2019-02-08 08:06:13'),
(233, 104, 'Mr. Devan Mosciski V', 'Autem quaerat ad voluptas. Cupiditate eaque mollitia quo assumenda voluptas earum veritatis. Exercitationem vero quaerat ipsam facilis occaecati. Id provident magnam esse.', 1, '2019-02-08 08:06:13', '2019-02-08 08:06:13'),
(234, 192, 'Mr. Javonte Fay II', 'Rerum rerum eos nulla molestias magnam vel pariatur. Illum laboriosam autem enim eos quis quisquam ducimus. Consectetur nesciunt quaerat natus ipsum quod aut. Cupiditate quis illum sapiente nam rerum quaerat architecto.', 2, '2019-02-08 08:06:13', '2019-02-08 08:06:13'),
(235, 169, 'Prof. Kellen Bauch DVM', 'Quasi dolores incidunt dolore excepturi reiciendis. Et possimus non voluptates voluptatem aut ut voluptas eos. Delectus doloribus rem hic non ut rerum. Id repudiandae commodi molestias voluptates earum.', 5, '2019-02-08 08:06:13', '2019-02-08 08:06:13'),
(236, 112, 'Dr. Lon Feil', 'Tempora numquam quibusdam voluptas quo corrupti amet minima. Similique dignissimos minus sit ex corrupti voluptatibus. Neque aperiam accusantium quia voluptates earum. Distinctio quam iusto amet deserunt.', 0, '2019-02-08 08:06:13', '2019-02-08 08:06:13'),
(237, 100, 'Delores Welch DVM', 'Quas qui vero facere reprehenderit aspernatur iusto vel. Illum dolor itaque magnam temporibus. Nostrum officia ut sunt debitis qui. Dolores non consequatur sit qui.', 2, '2019-02-08 08:06:13', '2019-02-08 08:06:13'),
(238, 177, 'Nannie Sporer', 'Velit voluptas id quo laborum. Aut tenetur alias praesentium asperiores suscipit.', 2, '2019-02-08 08:06:13', '2019-02-08 08:06:13'),
(239, 20, 'Mrs. Elenor Stroman', 'Error voluptatum et a aut. Qui ut aut dicta in dicta ea in. Et blanditiis autem ex aut rerum ab. Aut aspernatur vero ipsa voluptatem qui reiciendis mollitia.', 2, '2019-02-08 08:06:13', '2019-02-08 08:06:13'),
(240, 188, 'Gregorio Kutch', 'Ex ab nihil quod sit non. Repudiandae ducimus nihil nemo. Dolorum qui dolores deleniti qui et ratione sit.', 3, '2019-02-08 08:06:13', '2019-02-08 08:06:13'),
(241, 73, 'Ms. Imelda Harris', 'Voluptatum sint temporibus sint reprehenderit. Magnam neque autem cumque explicabo. Doloremque vitae est non.', 1, '2019-02-08 08:06:13', '2019-02-08 08:06:13'),
(242, 12, 'Abdiel Mills', 'Dicta maiores officiis officiis distinctio vitae. Quidem ut distinctio sit qui.', 5, '2019-02-08 08:06:13', '2019-02-08 08:06:13'),
(243, 27, 'Mrs. Angelita Larkin', 'Ea consequatur voluptate non veniam non. Ipsum hic debitis alias similique asperiores aut sed consequatur. Nobis est nulla repellat dolores.', 4, '2019-02-08 08:06:13', '2019-02-08 08:06:13'),
(244, 15, 'Devon Dooley I', 'Eligendi repellat voluptatibus nostrum deleniti voluptatem. Ut exercitationem qui non voluptatem saepe quo. Consequatur quia praesentium in et qui vitae.', 5, '2019-02-08 08:06:13', '2019-02-08 08:06:13'),
(245, 110, 'Myrtis Torphy DVM', 'Enim in occaecati veritatis ratione non. In dignissimos tenetur nisi sed ab quos dolor.', 4, '2019-02-08 08:06:13', '2019-02-08 08:06:13'),
(246, 140, 'Prof. Eladio Auer III', 'Labore consectetur vitae cupiditate. Quibusdam explicabo voluptas quia dolorem. Sunt sit molestiae voluptas unde eos nihil unde et. Non eaque rerum voluptate ab rem aperiam eos rerum.', 5, '2019-02-08 08:06:14', '2019-02-08 08:06:14'),
(247, 145, 'Dr. Libby Fadel II', 'Perferendis repellat sequi veniam accusamus cumque nemo sint. Et accusamus vel minima facere mollitia. Maxime molestiae voluptatem nam provident eos quisquam atque delectus. Non voluptate eos rerum et quia.', 3, '2019-02-08 08:06:14', '2019-02-08 08:06:14'),
(248, 9, 'Javon Bartell', 'Vel eveniet quidem accusamus in dolorum. Veritatis velit odio et consequuntur tempore doloribus ipsam ipsa.', 5, '2019-02-08 08:06:14', '2019-02-08 08:06:14'),
(249, 7, 'Geoffrey Hane', 'Est laboriosam perspiciatis rem in adipisci quidem ducimus. Rem et enim quas. Officia vitae accusamus sed unde beatae.', 5, '2019-02-08 08:06:14', '2019-02-08 08:06:14'),
(250, 188, 'Anastasia Armstrong', 'Non odit minus saepe ipsum quia aut et omnis. Est rem provident facere voluptatibus libero quis eligendi. Omnis nulla voluptates fuga animi nulla et sed. Voluptatem ab sint consequatur velit occaecati at beatae.', 0, '2019-02-08 08:06:14', '2019-02-08 08:06:14'),
(251, 80, 'Prof. Lane Runte', 'Magni inventore officiis rerum beatae perferendis et doloribus sint. Omnis necessitatibus quia ut ullam eos porro ut. Culpa officiis autem saepe est mollitia. Repudiandae omnis et at non architecto.', 1, '2019-02-08 08:06:14', '2019-02-08 08:06:14'),
(252, 82, 'Emil Armstrong', 'Earum architecto itaque aut voluptas placeat voluptate aliquid. Et vitae facere tempore ad. Cupiditate deleniti quam esse illo odit officia voluptate. Natus a quia omnis quo reprehenderit blanditiis.', 1, '2019-02-08 08:06:14', '2019-02-08 08:06:14'),
(253, 44, 'Reagan Yost', 'Est ad sint omnis quibusdam accusamus. Omnis occaecati ut perspiciatis minus. Rerum quae magni animi sint. Nihil magnam recusandae quo iusto libero.', 4, '2019-02-08 08:06:14', '2019-02-08 08:06:14'),
(254, 6, 'Mikel Nader', 'Cumque quam distinctio dicta vero. Eos pariatur culpa autem nemo ea eos tempore. Repudiandae nisi at laborum porro.', 3, '2019-02-08 08:06:14', '2019-02-08 08:06:14'),
(255, 122, 'Dr. Xzavier Konopelski Sr.', 'Quia quaerat ut quidem unde voluptatem similique totam fugiat. Porro hic amet id in. Dolorem autem omnis velit minima repudiandae cupiditate corrupti totam.', 2, '2019-02-08 08:06:14', '2019-02-08 08:06:14'),
(256, 145, 'Garrick Marks', 'Aut dolorem non suscipit exercitationem omnis non voluptate velit. Non accusantium illo neque. Eum quaerat quaerat omnis eum libero fugit necessitatibus. Ut aspernatur voluptatem quis laborum officiis rerum ut. Non provident sunt velit sapiente voluptatem.', 5, '2019-02-08 08:06:14', '2019-02-08 08:06:14'),
(257, 62, 'Cameron Hammes', 'Ducimus error excepturi aut culpa eum labore. Nam excepturi itaque repudiandae sequi. Velit dicta ipsam aut molestias similique omnis ducimus quo.', 5, '2019-02-08 08:06:14', '2019-02-08 08:06:14'),
(258, 188, 'Marjolaine Smitham DVM', 'Et tenetur facere dolor quos doloribus. Et vero amet placeat maiores. Et est facilis aperiam omnis pariatur.', 3, '2019-02-08 08:06:14', '2019-02-08 08:06:14'),
(259, 141, 'Dr. Cecile Hilpert', 'Officia porro velit nihil velit corporis. Ipsa ex dicta voluptatem non.', 1, '2019-02-08 08:06:14', '2019-02-08 08:06:14'),
(260, 121, 'Vernie Hahn', 'Est error blanditiis optio hic praesentium illum. Et qui nesciunt illo. Natus sit at quas.', 1, '2019-02-08 08:06:14', '2019-02-08 08:06:14'),
(261, 61, 'Mrs. Elvera Reichel', 'Vitae sapiente dolores qui maiores aut. Architecto ut reprehenderit id omnis voluptatem quo sint quod. Molestias aut sint eveniet ullam.', 4, '2019-02-08 08:06:15', '2019-02-08 08:06:15'),
(262, 151, 'Percy Deckow I', 'Temporibus tempora quis explicabo minima dolore quis et. Molestias voluptatum facere assumenda quis. Quae et velit deleniti porro deserunt esse.', 1, '2019-02-08 08:06:15', '2019-02-08 08:06:15'),
(263, 84, 'Prof. Juanita Heaney V', 'Nihil et nam possimus dolores et. Nesciunt ullam ea nostrum iusto dolore corporis.', 2, '2019-02-08 08:06:15', '2019-02-08 08:06:15'),
(264, 30, 'Sierra Bruen', 'Atque molestiae qui dolores commodi voluptatum. Est excepturi sit sunt odio quae animi repellat. Illo et ex et ab ipsa possimus.', 4, '2019-02-08 08:06:15', '2019-02-08 08:06:15'),
(265, 143, 'Mrs. Rachael Becker II', 'Ut porro fuga sit aut sed facere. Consequatur exercitationem amet sed enim velit soluta occaecati incidunt. Dolor quod aliquid enim odio id repellendus.', 3, '2019-02-08 08:06:15', '2019-02-08 08:06:15'),
(266, 61, 'Prof. Ted Friesen V', 'Repellendus temporibus nulla voluptatibus voluptas est et ut. Quidem in ipsum quia dolores praesentium adipisci. Provident quis in cumque numquam.', 3, '2019-02-08 08:06:15', '2019-02-08 08:06:15'),
(267, 139, 'Dr. Name Hettinger Sr.', 'Nisi minus nam qui dignissimos quasi. Et et inventore similique praesentium ut perferendis alias. Eum reiciendis dolorum rem debitis sit autem. Autem eum qui amet et vel hic minus.', 1, '2019-02-08 08:06:15', '2019-02-08 08:06:15'),
(268, 128, 'Marcia Rolfson', 'Aut et et omnis distinctio et sed. Vel alias totam repellat. Sed nesciunt quos nostrum accusantium. Totam quia quia eos dignissimos provident.', 3, '2019-02-08 08:06:15', '2019-02-08 08:06:15'),
(269, 57, 'Ernesto O\'Reilly PhD', 'Dolor incidunt consequuntur ut quae reiciendis. Autem et nisi placeat repudiandae laboriosam. Omnis est et odio explicabo et consequuntur quaerat ipsam. Velit est in officiis qui voluptas iusto.', 4, '2019-02-08 08:06:15', '2019-02-08 08:06:15'),
(270, 132, 'Deontae Donnelly', 'Deleniti et aut quia dolorum. Dignissimos rerum reiciendis sint vitae explicabo. Modi quas eveniet provident laborum qui totam et.', 1, '2019-02-08 08:06:15', '2019-02-08 08:06:15'),
(271, 59, 'Miss Freda Funk', 'Nisi quod consequatur nam aut non sint itaque. Repellendus dignissimos et optio quo itaque. Quisquam sapiente ut perferendis cum maiores. Eius adipisci consectetur quaerat ut debitis perferendis.', 5, '2019-02-08 08:06:15', '2019-02-08 08:06:15'),
(272, 139, 'Christina Green', 'Nisi minima voluptas molestiae. Quia autem omnis error quia rem incidunt facere nemo. Consequatur qui eum aliquam dolor distinctio minima.', 2, '2019-02-08 08:06:15', '2019-02-08 08:06:15'),
(273, 148, 'Kyleigh Altenwerth PhD', 'Aut dolores ex officiis quos aut voluptatum odit. Sint earum nisi exercitationem similique in id est. Atque odit sapiente voluptas officia. Hic modi cumque minus est adipisci cumque eius odio.', 5, '2019-02-08 08:06:15', '2019-02-08 08:06:15'),
(274, 46, 'Vita Watsica', 'Quisquam architecto optio in perspiciatis porro enim aut placeat. Sapiente est ea quisquam incidunt asperiores ea. Adipisci occaecati suscipit minima suscipit sint asperiores ut. Vel eum amet aperiam excepturi autem aut. Quo aut dolore aperiam dolores.', 3, '2019-02-08 08:06:15', '2019-02-08 08:06:15'),
(275, 70, 'Domenico Lesch II', 'Assumenda ipsam repudiandae accusantium ut quisquam repudiandae quo asperiores. Qui nobis quia numquam porro facere ducimus magni nihil. Aliquam ipsum dolorum accusamus ea voluptas.', 0, '2019-02-08 08:06:16', '2019-02-08 08:06:16'),
(276, 100, 'Lizzie Dibbert Sr.', 'Amet minima reprehenderit velit ad ea. Expedita velit magnam magnam qui corporis quam doloremque. Laudantium est voluptas cum temporibus sed nihil deleniti. Quas adipisci doloribus quis aut. Quia ut est expedita.', 2, '2019-02-08 08:06:16', '2019-02-08 08:06:16'),
(277, 76, 'Mr. Wilton Prohaska II', 'Voluptatem nam saepe autem sint. Maiores labore quidem et. Dignissimos at enim amet ducimus quae eius impedit. Voluptatem quo magnam sint et animi.', 4, '2019-02-08 08:06:16', '2019-02-08 08:06:16'),
(278, 137, 'Adelbert Jerde', 'Modi nam doloremque consectetur et eum aut. Error rerum et quia quos possimus voluptates asperiores. Dolor quia totam doloremque quia.', 0, '2019-02-08 08:06:16', '2019-02-08 08:06:16'),
(279, 193, 'Dr. Arno Miller DDS', 'Similique assumenda commodi consequatur nesciunt saepe quia et. Voluptatem ut nemo et officiis tempora. Iusto voluptatem ullam voluptates ipsa.', 0, '2019-02-08 08:06:16', '2019-02-08 08:06:16'),
(280, 41, 'Tyrese Bogan', 'Provident et praesentium sunt corporis consequatur esse. Natus et libero voluptatum et aut recusandae cupiditate. Repellat rem deleniti autem maxime.', 4, '2019-02-08 08:06:16', '2019-02-08 08:06:16'),
(281, 80, 'Dr. Stephon Koch DDS', 'Sapiente omnis temporibus inventore dignissimos expedita nihil totam. Perferendis veniam sed quod id dolor. Non qui sed exercitationem similique.', 1, '2019-02-08 08:06:16', '2019-02-08 08:06:16'),
(282, 140, 'Helmer Bartell', 'Voluptas facilis minima molestiae saepe aut tempora. Qui explicabo voluptatem eveniet hic. Nesciunt quia laudantium et porro.', 5, '2019-02-08 08:06:16', '2019-02-08 08:06:16'),
(283, 116, 'Prof. Friedrich Hoppe', 'Repellendus dolorem sit repellat dolores tenetur. Quam quam ipsa voluptatum ex accusantium tempora consequuntur. Est aut excepturi quis commodi vel aliquam. Consequuntur dolores rerum omnis ut et aperiam qui quis.', 0, '2019-02-08 08:06:16', '2019-02-08 08:06:16'),
(284, 199, 'Amber Grady', 'Ipsa omnis minima vitae voluptatem facilis maxime ut maxime. Ullam libero quia expedita omnis est reiciendis nisi eius. Maxime molestiae aliquid corporis odit dolore esse.', 5, '2019-02-08 08:06:16', '2019-02-08 08:06:16'),
(285, 183, 'Dr. Mertie Crist II', 'Blanditiis nihil aperiam sequi sed. Aspernatur autem maxime quia distinctio sit. A ut in iusto. Sapiente perspiciatis totam quia cumque esse.', 5, '2019-02-08 08:06:16', '2019-02-08 08:06:16'),
(286, 173, 'Zaria Simonis', 'Qui ipsam ut sequi deserunt cupiditate. Voluptas quam ea iusto quis ratione pariatur quasi. Quia consectetur et porro eos officia.', 4, '2019-02-08 08:06:16', '2019-02-08 08:06:16'),
(287, 43, 'Henry Emard', 'Quis explicabo eveniet et ipsam. Eius nulla ducimus unde voluptate non saepe. Est numquam doloribus cumque temporibus aut incidunt saepe sunt. Vero et voluptatum et veniam.', 3, '2019-02-08 08:06:16', '2019-02-08 08:06:16'),
(288, 144, 'Mariela Kub', 'Maxime iusto et ipsum tenetur. Dolores nesciunt adipisci sunt accusamus et. Dolor eum sequi sit ut et provident nobis sunt.', 1, '2019-02-08 08:06:17', '2019-02-08 08:06:17'),
(289, 187, 'Eugenia Torphy', 'Autem recusandae ab soluta neque. Nihil earum perferendis autem. Enim dolorem ea molestiae natus et.', 4, '2019-02-08 08:06:17', '2019-02-08 08:06:17'),
(290, 120, 'Dewayne Beahan', 'Facilis quisquam cumque consequatur quaerat hic sit dolorem. Quis est rerum eos eaque iusto architecto. Est consequatur repudiandae in vel ipsa doloribus est accusamus.', 4, '2019-02-08 08:06:17', '2019-02-08 08:06:17'),
(291, 29, 'Briana Mohr', 'Ratione unde eum consequatur qui. In mollitia voluptatem nesciunt expedita est aperiam. Eligendi aperiam et autem sed culpa repudiandae dignissimos. Recusandae reiciendis voluptate quis harum est magni modi.', 0, '2019-02-08 08:06:17', '2019-02-08 08:06:17'),
(292, 126, 'Jordan Ondricka II', 'Sed quibusdam et quam illo quis. Soluta exercitationem soluta maiores. Repellendus repudiandae dolorum aut quia necessitatibus aliquam.', 1, '2019-02-08 08:06:17', '2019-02-08 08:06:17'),
(293, 188, 'Monica Medhurst', 'Sed at numquam provident qui laborum atque. Vel quis deleniti vero. Et et quos doloribus sit rerum eum consequatur. Qui rerum temporibus nobis odio facere assumenda. Quia accusantium dolorem similique sit.', 4, '2019-02-08 08:06:17', '2019-02-08 08:06:17'),
(294, 14, 'Montana Funk II', 'Sint eos earum asperiores molestiae quae accusamus. In corporis incidunt cumque. Quasi numquam sint architecto omnis occaecati eveniet repellendus. Quia possimus esse neque fugit ullam.', 3, '2019-02-08 08:06:17', '2019-02-08 08:06:17'),
(295, 126, 'Cassie Windler III', 'Veniam sequi molestiae cupiditate sequi officia voluptas. Quia cum voluptas necessitatibus dolores quibusdam rerum. Vitae mollitia natus quis est dolore. Non eligendi nulla praesentium eligendi ad in et laudantium.', 2, '2019-02-08 08:06:17', '2019-02-08 08:06:17'),
(296, 171, 'Dr. Kitty Mohr MD', 'Et ipsum ut unde. Beatae atque aliquam error explicabo cupiditate dolores assumenda exercitationem. Perferendis dicta qui blanditiis labore unde ipsa.', 4, '2019-02-08 08:06:17', '2019-02-08 08:06:17'),
(297, 66, 'Gino Ryan', 'Tempore non consequatur distinctio est. Tempore autem et iure vero. Rem voluptatibus non quam laudantium iusto ratione.', 4, '2019-02-08 08:06:17', '2019-02-08 08:06:17'),
(298, 14, 'Maryjane Lubowitz', 'Vel explicabo placeat qui saepe. Accusantium voluptatibus molestias provident voluptatem. Ea incidunt aliquam sint culpa illum et consequatur.', 1, '2019-02-08 08:06:17', '2019-02-08 08:06:17'),
(299, 186, 'Mittie Boehm', 'Illo maiores iusto consectetur error quas. Reprehenderit ipsum inventore voluptatibus qui.', 5, '2019-02-08 08:06:17', '2019-02-08 08:06:17'),
(300, 68, 'Mrs. Luisa Stehr DVM', 'Laboriosam hic quibusdam est omnis eligendi. Id alias qui et dolorum. Ut beatae voluptas beatae. Voluptates officia occaecati ipsam repudiandae.', 0, '2019-02-08 08:06:18', '2019-02-08 08:06:18');

-- --------------------------------------------------------

--
-- Table structure for table `users`
--

CREATE TABLE `users` (
  `id` int(10) UNSIGNED NOT NULL,
  `name` varchar(255) COLLATE utf8mb4_unicode_ci NOT NULL,
  `email` varchar(255) COLLATE utf8mb4_unicode_ci NOT NULL,
  `email_verified_at` timestamp NULL DEFAULT NULL,
  `password` varchar(255) COLLATE utf8mb4_unicode_ci NOT NULL,
  `remember_token` varchar(100) COLLATE utf8mb4_unicode_ci DEFAULT NULL,
  `created_at` timestamp NULL DEFAULT NULL,
  `updated_at` timestamp NULL DEFAULT NULL
) ENGINE=InnoDB DEFAULT CHARSET=utf8mb4 COLLATE=utf8mb4_unicode_ci;

--
-- Indexes for dumped tables
--

--
-- Indexes for table `migrations`
--
ALTER TABLE `migrations`
  ADD PRIMARY KEY (`id`);

--
-- Indexes for table `password_resets`
--
ALTER TABLE `password_resets`
  ADD KEY `password_resets_email_index` (`email`);

--
-- Indexes for table `products`
--
ALTER TABLE `products`
  ADD PRIMARY KEY (`id`);

--
-- Indexes for table `reviews`
--
ALTER TABLE `reviews`
  ADD PRIMARY KEY (`id`),
  ADD KEY `reviews_product_id_index` (`product_id`);

--
-- Indexes for table `users`
--
ALTER TABLE `users`
  ADD PRIMARY KEY (`id`),
  ADD UNIQUE KEY `users_email_unique` (`email`);

--
-- AUTO_INCREMENT for dumped tables
--

--
-- AUTO_INCREMENT for table `migrations`
--
ALTER TABLE `migrations`
  MODIFY `id` int(10) UNSIGNED NOT NULL AUTO_INCREMENT, AUTO_INCREMENT=5;
--
-- AUTO_INCREMENT for table `products`
--
ALTER TABLE `products`
  MODIFY `id` int(10) UNSIGNED NOT NULL AUTO_INCREMENT, AUTO_INCREMENT=201;
--
-- AUTO_INCREMENT for table `reviews`
--
ALTER TABLE `reviews`
  MODIFY `id` int(10) UNSIGNED NOT NULL AUTO_INCREMENT, AUTO_INCREMENT=301;
--
-- AUTO_INCREMENT for table `users`
--
ALTER TABLE `users`
  MODIFY `id` int(10) UNSIGNED NOT NULL AUTO_INCREMENT;
--
-- Constraints for dumped tables
--

--
-- Constraints for table `reviews`
--
ALTER TABLE `reviews`
  ADD CONSTRAINT `reviews_product_id_foreign` FOREIGN KEY (`product_id`) REFERENCES `products` (`id`) ON DELETE CASCADE;

/*!40101 SET CHARACTER_SET_CLIENT=@OLD_CHARACTER_SET_CLIENT */;
/*!40101 SET CHARACTER_SET_RESULTS=@OLD_CHARACTER_SET_RESULTS */;
/*!40101 SET COLLATION_CONNECTION=@OLD_COLLATION_CONNECTION */;
